"code_id","code_type","code_sub_type","code_no","code_val","code_description","created_date","created_by","last_modified_date","last_modified_by","delete_ind"
1,TITLE,"","1",Mr,"",2018-10-06 07:20:31,1,2018-10-06 07:20:31,1,N
2,TITLE,"","2",Mrs,"",2018-10-06 07:20:31,1,2018-10-06 07:20:31,1,N
3,TITLE,"","3",Ms,"",2018-10-06 07:20:31,1,2018-10-06 07:20:31,1,N
4,TITLE,"","4",Miss,"",2018-10-06 07:20:31,1,2018-10-06 07:20:31,1,N
5,TITLE,"","5",Dr,"",2018-10-06 07:20:31,1,2018-10-06 07:20:31,1,N
6,TITLE,"","6",Prof,"",2018-10-06 07:20:31,1,2018-10-06 07:20:31,1,N
7,SEX,"","1",Male,"",2018-10-06 07:20:31,1,2018-10-06 07:20:31,1,N
8,SEX,"","2",Female,"",2018-10-06 07:20:31,1,2018-10-06 07:20:31,1,N
9,SEX,"","3",Not Given,"",2018-10-06 07:20:31,1,2018-10-06 07:20:31,1,N
60,SERVICE_USER_TYPE,"","1",Bed Bound,"",2018-10-06 07:20:34,1,2018-10-06 07:20:34,1,N
61,SERVICE_USER_TYPE,"","2",Learning Difficulties,"",2018-10-06 07:20:34,1,2018-10-06 07:20:34,1,N
62,SERVICE_USER_TYPE,"","3",Learning Disability,"",2018-10-06 07:20:34,1,2018-10-06 07:20:34,1,N
63,SERVICE_USER_TYPE,"","4",Live In Care,"",2018-10-06 07:20:34,1,2018-10-06 07:20:34,1,N
64,SERVICE_USER_TYPE,"","5",Main Care,"",2018-10-06 07:20:34,1,2018-10-06 07:20:34,1,N
65,SERVICE_USER_TYPE,"","6",Mental Health,"",2018-10-06 07:20:34,1,2018-10-06 07:20:34,1,N
66,SERVICE_USER_TYPE,"","7",Older People,"",2018-10-06 07:20:34,1,2018-10-06 07:20:34,1,N
67,SERVICE_USER_TYPE,"","8",Palliative Care,"",2018-10-06 07:20:34,1,2018-10-06 07:20:34,1,N
68,SERVICE_USER_TYPE,"","9",Physical Disability,"",2018-10-06 07:20:34,1,2018-10-06 07:20:34,1,N
69,SERVICE_USER_TYPE,"","10",Schizophrenic,"",2018-10-06 07:20:34,1,2018-10-06 07:20:34,1,N
70,SERVICE_USER_TYPE,"","11",Younger Adults,"",2018-10-06 07:20:34,1,2018-10-06 07:20:34,1,N
71,MOBILITY,"","1",Amputee,"",2018-10-06 07:20:34,1,2018-10-06 07:20:34,1,N
72,MOBILITY,"","1",Bed Bound,"",2018-10-06 07:20:34,1,2018-10-06 07:20:34,1,N
73,MOBILITY,"","1",Hoisting,"",2018-10-06 07:20:34,1,2018-10-06 07:20:34,1,N
74,MOBILITY,"","2",Mobile,"",2018-10-06 07:20:34,1,2018-10-06 07:20:34,1,N
75,MOBILITY,"","3",Needs Assistance,"",2018-10-06 07:20:34,1,2018-10-06 07:20:34,1,N
76,MOBILITY,"","4",Needs Double Up,"",2018-10-06 07:20:34,1,2018-10-06 07:20:34,1,N
77,MOBILITY,"","5",Uses Walking Frame,"",2018-10-06 07:20:34,1,2018-10-06 07:20:34,1,N
78,MOBILITY,"","6",Uses Walking Stick,"",2018-10-06 07:20:35,1,2018-10-06 07:20:35,1,N
79,MOBILITY,"","7",Wheelchair User,"",2018-10-06 07:20:35,1,2018-10-06 07:20:35,1,N
80,ETHNICITY,"","1",African,"",2018-10-06 07:20:35,1,2018-10-06 07:20:35,1,N
81,ETHNICITY,"","2",Any Other,"",2018-10-06 07:20:35,1,2018-10-06 07:20:35,1,N
82,ETHNICITY,"","3",Any Other Asian Background,"",2018-10-06 07:20:35,1,2018-10-06 07:20:35,1,N
83,ETHNICITY,"","4",Any Other Black Background,"",2018-10-06 07:20:35,1,2018-10-06 07:20:35,1,N
84,ETHNICITY,"","5",Any Other Mixed Background,"",2018-10-06 07:20:35,1,2018-10-06 07:20:35,1,N
85,ETHNICITY,"","6",Asian,"",2018-10-06 07:20:35,1,2018-10-06 07:20:35,1,N
86,ETHNICITY,"","7",Asian - Malaysian,"",2018-10-06 07:20:35,1,2018-10-06 07:20:35,1,N
87,ETHNICITY,"","8",Asian - Philipino,"",2018-10-06 07:20:35,1,2018-10-06 07:20:35,1,N
88,ETHNICITY,"","9",Asian - Sri Lankan,"",2018-10-06 07:20:35,1,2018-10-06 07:20:35,1,N
89,ETHNICITY,"","10",Asian - China,"",2018-10-06 07:20:35,1,2018-10-06 07:20:35,1,N
90,ETHNICITY,"","11",Asian - Indian,"",2018-10-06 07:20:35,1,2018-10-06 07:20:35,1,N
91,ETHNICITY,"","12",Asian - Nepali,"",2018-10-06 07:20:35,1,2018-10-06 07:20:35,1,N
92,ETHNICITY,"","13",Bangladeshi,"",2018-10-06 07:20:35,1,2018-10-06 07:20:35,1,N
93,ETHNICITY,"","14",Black,"",2018-10-06 07:20:35,1,2018-10-06 07:20:35,1,N
94,ETHNICITY,"","15",Black - African,"",2018-10-06 07:20:35,1,2018-10-06 07:20:35,1,N
95,ETHNICITY,"","16",Black - Caribbean,"",2018-10-06 07:20:35,1,2018-10-06 07:20:35,1,N
96,ETHNICITY,"","17",Black British,"",2018-10-06 07:20:35,1,2018-10-06 07:20:35,1,N
97,ETHNICITY,"","18",Chinese,"",2018-10-06 07:20:35,1,2018-10-06 07:20:35,1,N
98,ETHNICITY,"","19",European,"",2018-10-06 07:20:36,1,2018-10-06 07:20:36,1,N
99,ETHNICITY,"","20",Indian,"",2018-10-06 07:20:36,1,2018-10-06 07:20:36,1,N
100,ETHNICITY,"","21",Pakistani,"",2018-10-06 07:20:36,1,2018-10-06 07:20:36,1,N
101,ETHNICITY,"","22",Polish,"",2018-10-06 07:20:36,1,2018-10-06 07:20:36,1,N
102,ETHNICITY,"","23",Portuguese,"",2018-10-06 07:20:36,1,2018-10-06 07:20:36,1,N
103,ETHNICITY,"","24",West Indian,"",2018-10-06 07:20:36,1,2018-10-06 07:20:36,1,N
104,ETHNICITY,"","25",White,"",2018-10-06 07:20:36,1,2018-10-06 07:20:36,1,N
105,ETHNICITY,"","26",White and Asian,"",2018-10-06 07:20:36,1,2018-10-06 07:20:36,1,N
106,ETHNICITY,"","27",White and Black African,"",2018-10-06 07:20:36,1,2018-10-06 07:20:36,1,N
107,ETHNICITY,"","28",White and Black Caribbean,"",2018-10-06 07:20:36,1,2018-10-06 07:20:36,1,N
108,ETHNICITY,"","29",White - Any other white background,"",2018-10-06 07:20:36,1,2018-10-06 07:20:36,1,N
109,ETHNICITY,"","30",White - British,"",2018-10-06 07:20:36,1,2018-10-06 07:20:36,1,N
110,ETHNICITY,"","31",White - Irish,"",2018-10-06 07:20:36,1,2018-10-06 07:20:36,1,N
111,RELIGION,"","1",Bahai Faith,"",2018-10-06 07:20:36,1,2018-10-06 07:20:36,1,N
112,RELIGION,"","2",Buddhism,"",2018-10-06 07:20:36,1,2018-10-06 07:20:36,1,N
113,RELIGION,"","3",Catholic,"",2018-10-06 07:20:36,1,2018-10-06 07:20:36,1,N
114,RELIGION,"","4",Christian,"",2018-10-06 07:20:36,1,2018-10-06 07:20:36,1,N
115,RELIGION,"","5",Church of England,"",2018-10-06 07:20:36,1,2018-10-06 07:20:36,1,N
116,RELIGION,"","6",Confucianism,"",2018-10-06 07:20:36,1,2018-10-06 07:20:36,1,N
117,RELIGION,"","7",Hinduism,"",2018-10-06 07:20:36,1,2018-10-06 07:20:36,1,N
118,RELIGION,"","8",Islam,"",2018-10-06 07:20:36,1,2018-10-06 07:20:36,1,N
119,RELIGION,"","9",Jainism,"",2018-10-06 07:20:36,1,2018-10-06 07:20:36,1,N
120,RELIGION,"","10",Jewish,"",2018-10-06 07:20:37,1,2018-10-06 07:20:37,1,N
121,RELIGION,"","11",Judaism,"",2018-10-06 07:20:37,1,2018-10-06 07:20:37,1,N
122,RELIGION,"","12",Not Specified,"",2018-10-06 07:20:37,1,2018-10-06 07:20:37,1,N
123,RELIGION,"","13",Shinto,"",2018-10-06 07:20:37,1,2018-10-06 07:20:37,1,N
124,RELIGION,"","14",Sikhism,"",2018-10-06 07:20:37,1,2018-10-06 07:20:37,1,N
125,LIVING_CIRCUMSTANCES,"","1",Has family but not always in,"",2018-10-06 07:20:37,1,2018-10-06 07:20:37,1,N
126,LIVING_CIRCUMSTANCES,"","2",Lives alone visited by family,"",2018-10-06 07:20:37,1,2018-10-06 07:20:37,1,N
127,LIVING_CIRCUMSTANCES,"","3",Lives with Mother,"",2018-10-06 07:20:37,1,2018-10-06 07:20:37,1,N
128,LIVING_CIRCUMSTANCES,"","4",Lives with Brother,"",2018-10-06 07:20:37,1,2018-10-06 07:20:37,1,N
129,LIVING_CIRCUMSTANCES,"","5",Lives with Father,"",2018-10-06 07:20:37,1,2018-10-06 07:20:37,1,N
130,LIVING_CIRCUMSTANCES,"","6",Lives with Friend,"",2018-10-06 07:20:37,1,2018-10-06 07:20:37,1,N
131,LIVING_CIRCUMSTANCES,"","7",Lives with Sister,"",2018-10-06 07:20:37,1,2018-10-06 07:20:37,1,N
132,LIVING_CIRCUMSTANCES,"","8",Living Alone,"",2018-10-06 07:20:37,1,2018-10-06 07:20:37,1,N
133,LIVING_CIRCUMSTANCES,"","9",Living with Children,"",2018-10-06 07:20:37,1,2018-10-06 07:20:37,1,N
134,LIVING_CIRCUMSTANCES,"","10",Living with Daughter,"",2018-10-06 07:20:37,1,2018-10-06 07:20:37,1,N
135,LIVING_CIRCUMSTANCES,"","11",Living with Family,"",2018-10-06 07:20:37,1,2018-10-06 07:20:37,1,N
136,LIVING_CIRCUMSTANCES,"","12",Living with Friend,"",2018-10-06 07:20:37,1,2018-10-06 07:20:37,1,N
137,LIVING_CIRCUMSTANCES,"","13",Living with Husband,"",2018-10-06 07:20:37,1,2018-10-06 07:20:37,1,N
138,LIVING_CIRCUMSTANCES,"","14",Living with Living in Carer,"",2018-10-06 07:20:37,1,2018-10-06 07:20:37,1,N
139,LIVING_CIRCUMSTANCES,"","15",Living with Partner,"",2018-10-06 07:20:37,1,2018-10-06 07:20:37,1,N
140,LIVING_CIRCUMSTANCES,"","16",Living with Son,"",2018-10-06 07:20:37,1,2018-10-06 07:20:37,1,N
141,LIVING_CIRCUMSTANCES,"","17",Living with Wife,"",2018-10-06 07:20:38,1,2018-10-06 07:20:38,1,N
142,MARITAL_STATUS,"","1",Divorced,"",2018-10-06 07:20:38,1,2018-10-06 07:20:38,1,N
143,MARITAL_STATUS,"","2",Married,"",2018-10-06 07:20:38,1,2018-10-06 07:20:38,1,N
144,MARITAL_STATUS,"","3",Separated,"",2018-10-06 07:20:38,1,2018-10-06 07:20:38,1,N
145,MARITAL_STATUS,"","4",Single,"",2018-10-06 07:20:38,1,2018-10-06 07:20:38,1,N
146,MARITAL_STATUS,"","5",Unspecified,"",2018-10-06 07:20:38,1,2018-10-06 07:20:38,1,N
147,MARITAL_STATUS,"","6",Widowed,"",2018-10-06 07:20:38,1,2018-10-06 07:20:38,1,N
148,USER_TYPE,"","1",Service User,"",2018-10-06 07:20:38,1,2018-10-06 07:20:38,1,N
149,USER_TYPE,"","2",Care Worker,"",2018-10-06 07:20:38,1,2018-10-06 07:20:38,1,N
150,MEDICAL_CONDITIONS,"","1",AIDS,"",2018-10-06 07:20:38,1,2018-10-06 07:20:38,1,N
151,MEDICAL_CONDITIONS,"","2",Alzheimers,"",2018-10-06 07:20:38,1,2018-10-06 07:20:38,1,N
152,MEDICAL_CONDITIONS,"","3",Amputee,"",2018-10-06 07:20:38,1,2018-10-06 07:20:38,1,N
153,MEDICAL_CONDITIONS,"","4",Blind,"",2018-10-06 07:20:38,1,2018-10-06 07:20:38,1,N
154,MEDICAL_CONDITIONS,"","5",Deaf,"",2018-10-06 07:20:38,1,2018-10-06 07:20:38,1,N
155,MEDICAL_CONDITIONS,"","6",Dementia,"",2018-10-06 07:20:38,1,2018-10-06 07:20:38,1,N
156,MEDICAL_CONDITIONS,"","7",Depression,"",2018-10-06 07:20:38,1,2018-10-06 07:20:38,1,N
157,MEDICAL_CONDITIONS,"","8",Diabetic,"",2018-10-06 07:20:38,1,2018-10-06 07:20:38,1,N
158,MEDICAL_CONDITIONS,"","9",Double Incontinent,"",2018-10-06 07:20:38,1,2018-10-06 07:20:38,1,N
159,MEDICAL_CONDITIONS,"","10",Fluctuating Moods,"",2018-10-06 07:20:38,1,2018-10-06 07:20:38,1,N
160,MEDICAL_CONDITIONS,"","11",Hard of hearing,"",2018-10-06 07:20:38,1,2018-10-06 07:20:38,1,N
161,MEDICAL_CONDITIONS,"","12",HIV,"",2018-10-06 07:20:39,1,2018-10-06 07:20:39,1,N
162,MEDICAL_CONDITIONS,"","13",Incontient,"",2018-10-06 07:20:39,1,2018-10-06 07:20:39,1,N
163,MEDICAL_CONDITIONS,"","14",Limited Mobility,"",2018-10-06 07:20:39,1,2018-10-06 07:20:39,1,N
164,MEDICAL_CONDITIONS,"","15",Mental Health,"",2018-10-06 07:20:39,1,2018-10-06 07:20:39,1,N
165,MEDICAL_CONDITIONS,"","16",Motor Neurone,"",2018-10-06 07:20:39,1,2018-10-06 07:20:39,1,N
166,MEDICAL_CONDITIONS,"","17",Multiple Sclerosis,"",2018-10-06 07:20:39,1,2018-10-06 07:20:39,1,N
167,MEDICAL_CONDITIONS,"","18",Muscular Distrophy,"",2018-10-06 07:20:39,1,2018-10-06 07:20:39,1,N
168,MEDICAL_CONDITIONS,"","19",Palliative Care,"",2018-10-06 07:20:39,1,2018-10-06 07:20:39,1,N
169,MEDICAL_CONDITIONS,"","20",Parkinsons,"",2018-10-06 07:20:39,1,2018-10-06 07:20:39,1,N
170,MEDICAL_CONDITIONS,"","21",Partially Sighted,"",2018-10-06 07:20:39,1,2018-10-06 07:20:39,1,N
171,MEDICAL_CONDITIONS,"","22",Physical Disability,"",2018-10-06 07:20:39,1,2018-10-06 07:20:39,1,N
172,MEDICAL_CONDITIONS,"","23",Poor Memory,"",2018-10-06 07:20:39,1,2018-10-06 07:20:39,1,N
173,MEDICAL_CONDITIONS,"","24",Renal Failure,"",2018-10-06 07:20:39,1,2018-10-06 07:20:39,1,N
174,MEDICAL_CONDITIONS,"","25",Requires Intervension,"",2018-10-06 07:20:39,1,2018-10-06 07:20:39,1,N
175,MEDICAL_CONDITIONS,"","26",Speech Impediment,"",2018-10-06 07:20:39,1,2018-10-06 07:20:39,1,N
176,MEDICAL_CONDITIONS,"","27",Stroke,"",2018-10-06 07:20:39,1,2018-10-06 07:20:39,1,N
177,MEDICAL_CONDITIONS,"","28",Unable to Speech,"",2018-10-06 07:20:39,1,2018-10-06 07:20:39,1,N
178,ADDRESS_TYPE,"","1",Home,"",2018-10-06 07:20:39,1,2018-10-06 07:20:39,1,N
179,ADDRESS_TYPE,"","2",Invoice,"",2018-10-06 07:20:39,1,2018-10-06 07:20:39,1,N
180,ADDRESS_TYPE,"","3",Work,"",2018-10-06 07:20:39,1,2018-10-06 07:20:39,1,N
181,PROPERTY_TYPE,"","1",Carry Chair,"",2018-10-06 07:20:39,1,2018-10-06 07:20:39,1,N
182,PROPERTY_TYPE,"","2",ID Card,"",2018-10-06 07:20:39,1,2018-10-06 07:20:39,1,N
183,PROPERTY_TYPE,"","3",Stracher,"",2018-10-06 07:20:40,1,2018-10-06 07:20:40,1,N
184,PROPERTY_TYPE,"","4",Wheelchair,"",2018-10-06 07:20:40,1,2018-10-06 07:20:40,1,N
185,ALIAS_TYPE,"","1",Maiden Name,"",2018-10-06 07:20:40,1,2018-10-06 07:20:40,1,N
186,ALIAS_TYPE,"","2",Nom de Plume,"",2018-10-06 07:20:40,1,2018-10-06 07:20:40,1,N
187,ALIAS_TYPE,"","3",Private,"",2018-10-06 07:20:40,1,2018-10-06 07:20:40,1,N
188,CONTACT_PERSON_TYPE,"","1",Admin Manager,"",2018-10-06 07:20:40,1,2018-10-06 07:20:40,1,N
189,CONTACT_PERSON_TYPE,"","2",Advocate,"",2018-10-06 07:20:40,1,2018-10-06 07:20:40,1,N
190,CONTACT_PERSON_TYPE,"","3",Aunt,"",2018-10-06 07:20:40,1,2018-10-06 07:20:40,1,N
191,CONTACT_PERSON_TYPE,"","4",Brokerage Officer,"",2018-10-06 07:20:40,1,2018-10-06 07:20:40,1,N
192,CONTACT_PERSON_TYPE,"","5",Brother,"",2018-10-06 07:20:40,1,2018-10-06 07:20:40,1,N
193,CONTACT_PERSON_TYPE,"","6",Cab Driver,"",2018-10-06 07:20:40,1,2018-10-06 07:20:40,1,N
194,CONTACT_PERSON_TYPE,"","7",Care Coordinator,"",2018-10-06 07:20:40,1,2018-10-06 07:20:40,1,N
195,CONTACT_PERSON_TYPE,"","8",Care/Nursing Home M,"",2018-10-06 07:20:40,1,2018-10-06 07:20:40,1,N
196,CONTACT_PERSON_TYPE,"","9",Case Worker,"",2018-10-06 07:20:40,1,2018-10-06 07:20:40,1,N
197,CONTACT_PERSON_TYPE,"","10",Chemist/Pharmacist,"",2018-10-06 07:20:40,1,2018-10-06 07:20:40,1,N
198,CONTACT_PERSON_TYPE,"","11",Clinic Manager,"",2018-10-06 07:20:40,1,2018-10-06 07:20:40,1,N
199,CONTACT_PERSON_TYPE,"","12",Commissioning Officer,"",2018-10-06 07:20:40,1,2018-10-06 07:20:40,1,N
200,CONTACT_PERSON_TYPE,"","13",Consultant,"",2018-10-06 07:20:40,1,2018-10-06 07:20:40,1,N
201,CONTACT_PERSON_TYPE,"","14",Cousin,"",2018-10-06 07:20:40,1,2018-10-06 07:20:40,1,N
202,CONTACT_PERSON_TYPE,"","15",Crossroads Support,"",2018-10-06 07:20:40,1,2018-10-06 07:20:40,1,N
203,CONTACT_PERSON_TYPE,"","16",Daughter,"",2018-10-06 07:20:40,1,2018-10-06 07:20:40,1,N
204,CONTACT_PERSON_TYPE,"","17",Daughter In Law,"",2018-10-06 07:20:41,1,2018-10-06 07:20:41,1,N
205,CONTACT_PERSON_TYPE,"","18",Day Centre / Staff,"",2018-10-06 07:20:41,1,2018-10-06 07:20:41,1,N
206,CONTACT_PERSON_TYPE,"","19",Direct Payment Advis,"",2018-10-06 07:20:41,1,2018-10-06 07:20:41,1,N
207,CONTACT_PERSON_TYPE,"","20",District Nurse,"",2018-10-06 07:20:41,1,2018-10-06 07:20:41,1,N
208,CONTACT_PERSON_TYPE,"","21",Doctor,"",2018-10-06 07:20:41,1,2018-10-06 07:20:41,1,N
209,CONTACT_PERSON_TYPE,"","22",Emergency Out of Hrs,"",2018-10-06 07:20:41,1,2018-10-06 07:20:41,1,N
210,CONTACT_PERSON_TYPE,"","23",Equipment,"",2018-10-06 07:20:41,1,2018-10-06 07:20:41,1,N
211,CONTACT_PERSON_TYPE,"","24",Father,"",2018-10-06 07:20:41,1,2018-10-06 07:20:41,1,N
212,CONTACT_PERSON_TYPE,"","25",Friend,"",2018-10-06 07:20:41,1,2018-10-06 07:20:41,1,N
213,CONTACT_PERSON_TYPE,"","26",General Manager,"",2018-10-06 07:20:41,1,2018-10-06 07:20:41,1,N
214,CONTACT_PERSON_TYPE,"","27",GP,"",2018-10-06 07:20:41,1,2018-10-06 07:20:41,1,N
215,CONTACT_PERSON_TYPE,"","28",GP New,"",2018-10-06 07:20:41,1,2018-10-06 07:20:41,1,N
216,CONTACT_PERSON_TYPE,"","29",Granddaughter,"",2018-10-06 07:20:41,1,2018-10-06 07:20:41,1,N
217,CONTACT_PERSON_TYPE,"","30",Grandson,"",2018-10-06 07:20:41,1,2018-10-06 07:20:41,1,N
218,CONTACT_PERSON_TYPE,"","31",Home Care Provider,"",2018-10-06 07:20:41,1,2018-10-06 07:20:41,1,N
219,CONTACT_PERSON_TYPE,"","32",Hospital,"",2018-10-06 07:20:41,1,2018-10-06 07:20:41,1,N
220,CONTACT_PERSON_TYPE,"","33",Hospital Advocate,"",2018-10-06 07:20:41,1,2018-10-06 07:20:41,1,N
221,CONTACT_PERSON_TYPE,"","34",Husband,"",2018-10-06 07:20:41,1,2018-10-06 07:20:41,1,N
222,CONTACT_PERSON_TYPE,"","35",Key Holder,"",2018-10-06 07:20:42,1,2018-10-06 07:20:42,1,N
223,CONTACT_PERSON_TYPE,"","36",Main Carer,"",2018-10-06 07:20:42,1,2018-10-06 07:20:42,1,N
224,CONTACT_PERSON_TYPE,"","37",Meals On Wheels,"",2018-10-06 07:20:42,1,2018-10-06 07:20:42,1,N
225,CONTACT_PERSON_TYPE,"","38",Mother,"",2018-10-06 07:20:42,1,2018-10-06 07:20:42,1,N
226,CONTACT_PERSON_TYPE,"","39",Neighbour,"",2018-10-06 07:20:42,1,2018-10-06 07:20:42,1,N
227,CONTACT_PERSON_TYPE,"","40",Nephew,"",2018-10-06 07:20:42,1,2018-10-06 07:20:42,1,N
228,CONTACT_PERSON_TYPE,"","41",Next Of Kin,"",2018-10-06 07:20:42,1,2018-10-06 07:20:42,1,N
229,CONTACT_PERSON_TYPE,"","42",Niece,"",2018-10-06 07:20:42,1,2018-10-06 07:20:42,1,N
230,CONTACT_PERSON_TYPE,"","43",Nurse,"",2018-10-06 07:20:42,1,2018-10-06 07:20:42,1,N
231,CONTACT_PERSON_TYPE,"","44",Occupational Therapi,"",2018-10-06 07:20:42,1,2018-10-06 07:20:42,1,N
232,CONTACT_PERSON_TYPE,"","45","OT, Mental Health &","",2018-10-06 07:20:42,1,2018-10-06 07:20:42,1,N
233,CONTACT_PERSON_TYPE,"","46",Out of HRs Richmond,"",2018-10-06 07:20:42,1,2018-10-06 07:20:42,1,N
234,CONTACT_PERSON_TYPE,"","47",Partner,"",2018-10-06 07:20:42,1,2018-10-06 07:20:42,1,N
235,CONTACT_PERSON_TYPE,"","48",Private Cleaner/hel,"",2018-10-06 07:20:42,1,2018-10-06 07:20:42,1,N
236,CONTACT_PERSON_TYPE,"","49",Property Maintenance,"",2018-10-06 07:20:42,1,2018-10-06 07:20:42,1,N
237,CONTACT_PERSON_TYPE,"","50",Respite,"",2018-10-06 07:20:43,1,2018-10-06 07:20:43,1,N
238,CONTACT_PERSON_TYPE,"","51",Safety Team,"",2018-10-06 07:20:43,1,2018-10-06 07:20:43,1,N
239,CONTACT_PERSON_TYPE,"","52",Senior Car Manager,"",2018-10-06 07:20:43,1,2018-10-06 07:20:43,1,N
240,CONTACT_PERSON_TYPE,"","53",Sister,"",2018-10-06 07:20:43,1,2018-10-06 07:20:43,1,N
241,CONTACT_PERSON_TYPE,"","54",Sister in Law,"",2018-10-06 07:20:43,1,2018-10-06 07:20:43,1,N
242,CONTACT_PERSON_TYPE,"","55",Social Worker,"",2018-10-06 07:20:43,1,2018-10-06 07:20:43,1,N
243,CONTACT_PERSON_TYPE,"","56",Solicitor,"",2018-10-06 07:20:43,1,2018-10-06 07:20:43,1,N
244,CONTACT_PERSON_TYPE,"","57",Son,"",2018-10-06 07:20:43,1,2018-10-06 07:20:43,1,N
245,CONTACT_PERSON_TYPE,"","58",Son in Law,"",2018-10-06 07:20:43,1,2018-10-06 07:20:43,1,N
246,CONTACT_PERSON_TYPE,"","59",Speech and Language,"",2018-10-06 07:20:43,1,2018-10-06 07:20:43,1,N
247,CONTACT_PERSON_TYPE,"","60",Support Worker,"",2018-10-06 07:20:43,1,2018-10-06 07:20:43,1,N
248,CONTACT_PERSON_TYPE,"","61",Twin Sister,"",2018-10-06 07:20:43,1,2018-10-06 07:20:43,1,N
249,CONTACT_PERSON_TYPE,"","62",Visitor / Checks,"",2018-10-06 07:20:43,1,2018-10-06 07:20:43,1,N
250,CONTACT_PERSON_TYPE,"","63",Warden,"",2018-10-06 07:20:43,1,2018-10-06 07:20:43,1,N
251,CONTACT_PERSON_TYPE,"","64",Weekend clubs,"",2018-10-06 07:20:43,1,2018-10-06 07:20:43,1,N
252,CONTACT_PERSON_TYPE,"","65",Wife,"",2018-10-06 07:20:43,1,2018-10-06 07:20:43,1,N
253,COMPATIBILITY_TYPE,"","1",Excellent,"",2018-10-06 07:20:43,1,2018-10-06 07:20:43,1,N
254,COMPATIBILITY_TYPE,"","2",Good,"",2018-10-06 07:20:43,1,2018-10-06 07:20:43,1,N
255,COMPATIBILITY_TYPE,"","3",Average,"",2018-10-06 07:20:44,1,2018-10-06 07:20:44,1,N
256,COMPATIBILITY_TYPE,"","4",Poor (Warn),"",2018-10-06 07:20:44,1,2018-10-06 07:20:44,1,N
257,COMPATIBILITY_TYPE,"","5",Bad (Prevent),"",2018-10-06 07:20:44,1,2018-10-06 07:20:44,1,N
260,PREFERENCE_TYPE,"","10",No Pets,"serviceuser__has_no_pets,c,1",2018-10-06 07:20:44,1,2018-10-06 07:20:44,1,N
261,LANGUAGE_PROFICIENCY,"","1",Mother Tongue,"",2018-10-06 07:20:44,1,2018-10-06 07:20:44,1,N
262,LANGUAGE_PROFICIENCY,"","2",Fluent,"",2018-10-06 07:20:44,1,2018-10-06 07:20:44,1,N
263,LANGUAGE_PROFICIENCY,"","3",Good,"",2018-10-06 07:20:44,1,2018-10-06 07:20:44,1,N
264,LANGUAGE_PROFICIENCY,"","4",Adequate,"",2018-10-06 07:20:44,1,2018-10-06 07:20:44,1,N
265,LANGUAGE_PROFICIENCY,"","5",Smattering,"",2018-10-06 07:20:44,1,2018-10-06 07:20:44,1,N
266,LANGUAGE,"","1",Arabic,"",2018-10-06 07:20:44,1,2018-10-06 07:20:44,1,N
267,LANGUAGE,"","2",Burmese,"",2018-10-06 07:20:44,1,2018-10-06 07:20:44,1,N
268,LANGUAGE,"","3",Cantonese,"",2018-10-06 07:20:44,1,2018-10-06 07:20:44,1,N
269,LANGUAGE,"","4",Chinese,"",2018-10-06 07:20:44,1,2018-10-06 07:20:44,1,N
270,LANGUAGE,"","5",English,"",2018-10-06 07:20:44,1,2018-10-06 07:20:44,1,N
271,LANGUAGE,"","6",Farsi(Persian),"",2018-10-06 07:20:44,1,2018-10-06 07:20:44,1,N
272,LANGUAGE,"","7",French,"",2018-10-06 07:20:44,1,2018-10-06 07:20:44,1,N
273,LANGUAGE,"","8",German,"",2018-10-06 07:20:45,1,2018-10-06 07:20:45,1,N
274,LANGUAGE,"","9",Gujarati,"",2018-10-06 07:20:45,1,2018-10-06 07:20:45,1,N
275,LANGUAGE,"","10",Hindi,"",2018-10-06 07:20:45,1,2018-10-06 07:20:45,1,N
276,LANGUAGE,"","11",Italian,"",2018-10-06 07:20:45,1,2018-10-06 07:20:45,1,N
277,LANGUAGE,"","12",Japanese,"",2018-10-06 07:20:45,1,2018-10-06 07:20:45,1,N
278,LANGUAGE,"","13",Javanese,"",2018-10-06 07:20:45,1,2018-10-06 07:20:45,1,N
279,LANGUAGE,"","14",Kannada,"",2018-10-06 07:20:45,1,2018-10-06 07:20:45,1,N
280,LANGUAGE,"","15",Korean,"",2018-10-06 07:20:45,1,2018-10-06 07:20:45,1,N
281,LANGUAGE,"","16","Malay, Indonesian","",2018-10-06 07:20:45,1,2018-10-06 07:20:45,1,N
282,LANGUAGE,"","17",Mandarin,"",2018-10-06 07:20:45,1,2018-10-06 07:20:45,1,N
283,LANGUAGE,"","18",Marathi,"",2018-10-06 07:20:45,1,2018-10-06 07:20:45,1,N
284,LANGUAGE,"","19",Nepali,"",2018-10-06 07:20:45,1,2018-10-06 07:20:45,1,N
285,LANGUAGE,"","20",Nigerian,"",2018-10-06 07:20:45,1,2018-10-06 07:20:45,1,N
286,LANGUAGE,"","21",Polish,"",2018-10-06 07:20:45,1,2018-10-06 07:20:45,1,N
287,LANGUAGE,"","22",Portuguese,"",2018-10-06 07:20:45,1,2018-10-06 07:20:45,1,N
288,LANGUAGE,"","23",Punjabi,"",2018-10-06 07:20:45,1,2018-10-06 07:20:45,1,N
289,LANGUAGE,"","24",Russian,"",2018-10-06 07:20:45,1,2018-10-06 07:20:45,1,N
290,LANGUAGE,"","25",Somailian,"",2018-10-06 07:20:45,1,2018-10-06 07:20:45,1,N
291,LANGUAGE,"","26",Spanish,"",2018-10-06 07:20:46,1,2018-10-06 07:20:46,1,N
292,LANGUAGE,"","27",Tagalog,"",2018-10-06 07:20:46,1,2018-10-06 07:20:46,1,N
293,LANGUAGE,"","28",Tamil,"",2018-10-06 07:20:46,1,2018-10-06 07:20:46,1,N
294,LANGUAGE,"","29",Telugu,"",2018-10-06 07:20:46,1,2018-10-06 07:20:46,1,N
295,LANGUAGE,"","30",Thai,"",2018-10-06 07:20:46,1,2018-10-06 07:20:46,1,N
296,LANGUAGE,"","31",Turkish,"",2018-10-06 07:20:46,1,2018-10-06 07:20:46,1,N
297,LANGUAGE,"","32",Urdu,"",2018-10-06 07:20:46,1,2018-10-06 07:20:46,1,N
298,LANGUAGE,"","33",Vietnamese,"",2018-10-06 07:20:46,1,2018-10-06 07:20:46,1,N
299,LANGUAGE,"","34",WU,"",2018-10-06 07:20:46,1,2018-10-06 07:20:46,1,N
300,REVIEW_TYPE,"","1",Appraisal,"",2018-10-06 07:20:46,1,2018-10-06 07:20:46,1,N
301,REVIEW_TYPE,"","2",Contract Ended,"",2018-10-06 07:20:46,1,2018-10-06 07:20:46,1,N
302,REVIEW_TYPE,"","3",Disciplinary Action,"",2018-10-06 07:20:46,1,2018-10-06 07:20:46,1,N
303,REVIEW_TYPE,"","4",Office Supervision,"",2018-10-06 07:20:46,1,2018-10-06 07:20:46,1,N
304,REVIEW_TYPE,"","5",Onsite Supervision,"",2018-10-06 07:20:46,1,2018-10-06 07:20:46,1,N
305,REVIEW_TYPE,"","6",Performance Review,"",2018-10-06 07:20:46,1,2018-10-06 07:20:46,1,N
306,REVIEW_TYPE,"","7",Verbal Warning,"",2018-10-06 07:20:46,1,2018-10-06 07:20:46,1,N
307,REVIEW_OUTCOME,"","1",C/W needs to work on her behaviour/shouting,"",2018-10-06 07:20:46,1,2018-10-06 07:20:46,1,N
308,REVIEW_OUTCOME,"","2",Carer referred for further training,"",2018-10-06 07:20:46,1,2018-10-06 07:20:46,1,N
309,REVIEW_OUTCOME,"","3",Competent in her role,"",2018-10-06 07:20:47,1,2018-10-06 07:20:47,1,N
310,REVIEW_OUTCOME,"","4",Competent in their role,"",2018-10-06 07:20:47,1,2018-10-06 07:20:47,1,N
311,REVIEW_OUTCOME,"","5",Completed,"",2018-10-06 07:20:47,1,2018-10-06 07:20:47,1,N
312,REVIEW_OUTCOME,"","6",Completed with compliments from s/u,"",2018-10-06 07:20:47,1,2018-10-06 07:20:47,1,N
313,REVIEW_OUTCOME,"","7",Completed with good compliments,"",2018-10-06 07:20:47,1,2018-10-06 07:20:47,1,N
314,REVIEW_OUTCOME,"","8",Contract Close,"",2018-10-06 07:20:47,1,2018-10-06 07:20:47,1,N
315,REVIEW_OUTCOME,"","9",Good Compliments,"",2018-10-06 07:20:47,1,2018-10-06 07:20:47,1,N
316,REVIEW_OUTCOME,"","10",Holidays,"",2018-10-06 07:20:47,1,2018-10-06 07:20:47,1,N
317,REVIEW_OUTCOME,"","11",Needs Monitoring,"",2018-10-06 07:20:47,1,2018-10-06 07:20:47,1,N
318,REVIEW_OUTCOME,"","12",Non Satisfactory,"",2018-10-06 07:20:47,1,2018-10-06 07:20:47,1,N
319,REVIEW_OUTCOME,"","13",Not Actively Working,"",2018-10-06 07:20:47,1,2018-10-06 07:20:47,1,N
320,REVIEW_OUTCOME,"","14",Not Applicable,"",2018-10-06 07:20:47,1,2018-10-06 07:20:47,1,N
321,REVIEW_OUTCOME,"","15",Not Currently Working,"",2018-10-06 07:20:47,1,2018-10-06 07:20:47,1,N
322,REVIEW_OUTCOME,"","16",OK,"",2018-10-06 07:20:47,1,2018-10-06 07:20:47,1,N
323,REVIEW_OUTCOME,"","17",Performance Satisfactory,"",2018-10-06 07:20:47,1,2018-10-06 07:20:47,1,N
324,REVIEW_OUTCOME,"","18",SA,"",2018-10-06 07:20:47,1,2018-10-06 07:20:47,1,N
325,REVIEW_OUTCOME,"","19",Satisfactory,"",2018-10-06 07:20:47,1,2018-10-06 07:20:47,1,N
326,REVIEW_OUTCOME,"","20",Sickness,"",2018-10-06 07:20:47,1,2018-10-06 07:20:47,1,N
327,REVIEW_OUTCOME,"","21",Spot Check Completed,"",2018-10-06 07:20:47,1,2018-10-06 07:20:47,1,N
333,CW_LEFT_REASON,"","1",Career Development,"",2018-10-06 07:20:48,1,2018-10-06 07:20:48,1,N
334,CW_LEFT_REASON,"","2",Disciplinary Action,"",2018-10-06 07:20:48,1,2018-10-06 07:20:48,1,N
335,CW_LEFT_REASON,"","3",Due to the Rate of Pay,"",2018-10-06 07:20:48,1,2018-10-06 07:20:48,1,N
336,CW_LEFT_REASON,"","4",Health related issues,"",2018-10-06 07:20:48,1,2018-10-06 07:20:48,1,N
337,CW_LEFT_REASON,"","5",Lack of Work,"",2018-10-06 07:20:48,1,2018-10-06 07:20:48,1,N
338,CW_LEFT_REASON,"","6",Maternity Leave,"",2018-10-06 07:20:48,1,2018-10-06 07:20:48,1,N
339,CW_LEFT_REASON,"","7",Moving Location,"",2018-10-06 07:20:48,1,2018-10-06 07:20:48,1,N
340,CW_LEFT_REASON,"","8",Moving to new industry,"",2018-10-06 07:20:48,1,2018-10-06 07:20:48,1,N
341,CW_LEFT_REASON,"","9",New Contract,"",2018-10-06 07:20:48,1,2018-10-06 07:20:48,1,N
342,CW_LEFT_REASON,"","10",Not Happy with the team,"",2018-10-06 07:20:48,1,2018-10-06 07:20:48,1,N
343,CW_LEFT_REASON,"","11",Not Happy with the work,"",2018-10-06 07:20:48,1,2018-10-06 07:20:48,1,N
344,RECRUITMENT_SOURCE,"","1",Employee Recommendation,"",2018-10-06 07:20:48,1,2018-10-06 07:20:48,1,N
345,RECRUITMENT_SOURCE,"","2",Newspaper Advertisement,"",2018-10-06 07:20:48,1,2018-10-06 07:20:48,1,N
346,RECRUITMENT_SOURCE,"","3",Notice board / shop window,"",2018-10-06 07:20:48,1,2018-10-06 07:20:48,1,N
347,RECRUITMENT_SOURCE,"","4",Online,"",2018-10-06 07:20:48,1,2018-10-06 07:20:48,1,N
348,RECRUITMENT_SOURCE,"","5",Other published advertisement,"",2018-10-06 07:20:48,1,2018-10-06 07:20:48,1,N
349,RECRUITMENT_SOURCE,"","6",Other word of mouth,"",2018-10-06 07:20:49,1,2018-10-06 07:20:49,1,N
350,VISA_PASSPORT_STATUS,"","1",Birth certificate (British only),"",2018-10-06 07:20:49,1,2018-10-06 07:20:49,1,N
351,VISA_PASSPORT_STATUS,"","2",British passport holder,"",2018-10-06 07:20:49,1,2018-10-06 07:20:49,1,N
352,VISA_PASSPORT_STATUS,"","3",EU passport holder,"",2018-10-06 07:20:49,1,2018-10-06 07:20:49,1,N
353,VISA_PASSPORT_STATUS,"","4",Indefinite leave to remain holder,"",2018-10-06 07:20:49,1,2018-10-06 07:20:49,1,N
354,VISA_PASSPORT_STATUS,"","5",Leave to remain,"",2018-10-06 07:20:49,1,2018-10-06 07:20:49,1,N
355,VISA_PASSPORT_STATUS,"","6",Spouse visa holder,"",2018-10-06 07:20:49,1,2018-10-06 07:20:49,1,N
356,VISA_PASSPORT_STATUS,"","7",Student visa,"",2018-10-06 07:20:49,1,2018-10-06 07:20:49,1,N
357,VISA_PASSPORT_STATUS,"","8",Valid work permit holder,"",2018-10-06 07:20:49,1,2018-10-06 07:20:49,1,N
358,APPLICATION_TYPE,"","1",Bank (5-15 hrs),"",2018-10-06 07:20:49,1,2018-10-06 07:20:49,1,N
359,APPLICATION_TYPE,"","2",Benefiter (16-21 hrs),"",2018-10-06 07:20:49,1,2018-10-06 07:20:49,1,N
360,APPLICATION_TYPE,"","3",Full timer (48 hrs and above),"",2018-10-06 07:20:49,1,2018-10-06 07:20:49,1,N
361,APPLICATION_TYPE,"","4",Inbetweeners (30-47 hrs),"",2018-10-06 07:20:49,1,2018-10-06 07:20:49,1,N
362,APPLICATION_TYPE,"","5",Part timer (20-23 hrs),"",2018-10-06 07:20:49,1,2018-10-06 07:20:49,1,N
363,ZONE,"","1",Zone 1,"",2018-10-06 07:20:49,1,2018-10-06 07:20:49,1,N
364,ZONE,"","2",Zone 2,"",2018-10-06 07:20:49,1,2018-10-06 07:20:49,1,N
365,ZONE,"","3",Zone 3,"",2018-10-06 07:20:49,1,2018-10-06 07:20:49,1,N
366,ZONE,"","4",Zone 4,"",2018-10-06 07:20:49,1,2018-10-06 07:20:49,1,N
367,ZONE,"","5",Zone 5,"",2018-10-06 07:20:50,1,2018-10-06 07:20:50,1,N
368,ZONE,"","6",Zone 6,"",2018-10-06 07:20:50,1,2018-10-06 07:20:50,1,N
369,ZONE,"","7",Zone 7,"",2018-10-06 07:20:50,1,2018-10-06 07:20:50,1,N
370,ZONE,"","8",Zone 8,"",2018-10-06 07:20:50,1,2018-10-06 07:20:50,1,N
371,ZONE,"","9",Zone 9,"",2018-10-06 07:20:50,1,2018-10-06 07:20:50,1,N
372,ZONE,"","10",Zone 10,"",2018-10-06 07:20:50,1,2018-10-06 07:20:50,1,N
373,CHANGE_REQUEST_TYPE,"","1",Sickness,"",2018-10-06 07:20:50,1,2018-10-06 07:20:50,1,N
374,CHANGE_REQUEST_TYPE,"","2",Full Day Leave,"",2018-10-06 07:20:50,1,2018-10-06 07:20:50,1,N
375,CHANGE_REQUEST_TYPE,"","3",Carer Break,"",2018-10-06 07:20:50,1,2018-10-06 07:20:50,1,N
329,TRANSPORT_TYPE,"","2",Driving,"",2018-10-06 07:20:48,1,2018-10-06 07:20:48,1,N
330,TRANSPORT_TYPE,"","3",Transit,"",2018-10-06 07:20:48,1,2018-10-06 07:20:48,1,N
331,TRANSPORT_TYPE,"","4",Walking,"",2018-10-06 07:20:48,1,2018-10-06 07:20:48,1,N
376,CHANGE_REQUEST_TYPE,"","4",Sitting in respite,"",2018-10-06 07:20:50,1,2018-10-06 07:20:50,1,N
377,CHANGE_REQUEST_STATUS,"","1",Pending,"",2018-10-06 07:20:50,1,2018-10-06 07:20:50,1,N
378,CHANGE_REQUEST_STATUS,"","2",Approved,"",2018-10-06 07:20:50,1,2018-10-06 07:20:50,1,N
379,CHANGE_REQUEST_STATUS,"","3",Rejected,"",2018-10-06 07:20:50,1,2018-10-06 07:20:50,1,N
380,PAYMENT_TYPE,"","1",BACS,"",2018-10-06 07:20:50,1,2018-10-06 07:20:50,1,N
381,PAYMENT_TYPE,"","2",Cash,"",2018-10-06 07:20:50,1,2018-10-06 07:20:50,1,N
382,PAYMENT_TYPE,"","3",Cheque,"",2018-10-06 07:20:50,1,2018-10-06 07:20:50,1,N
383,PAYMENT_TYPE,"","4",Deduct from salary,"",2018-10-06 07:20:50,1,2018-10-06 07:20:50,1,N
384,PAYMENT_TYPE,"","5",External Organisation,"",2018-10-06 07:20:50,1,2018-10-06 07:20:50,1,N
385,PAYMENT_TYPE,"","6",N/A,"",2018-10-06 07:20:51,1,2018-10-06 07:20:51,1,N
386,PAYMENT_TYPE,"","7",Refund,"",2018-10-06 07:20:51,1,2018-10-06 07:20:51,1,N
387,TEAM,"","1",Lewisham,"",2018-10-06 07:20:51,1,2018-10-06 07:20:51,1,N
388,TEAM,"","2",Poole,"",2018-10-06 07:20:51,1,2018-10-06 07:20:51,1,N
389,TEAM,"","3",Greenwich,"",2018-10-06 07:20:51,1,2018-10-06 07:20:51,1,N
390,TEAM,"","4",Bromley,"",2018-10-06 07:20:51,1,2018-10-06 07:20:51,1,N
391,TEAM,"","5",Redbridge,"",2018-10-06 07:20:51,1,2018-10-06 07:20:51,1,N
392,TEAM,"","6",Ealing,"",2018-10-06 07:20:51,1,2018-10-06 07:20:51,1,N
393,TEAM,"","7",Hounslow,"",2018-10-06 07:20:51,1,2018-10-06 07:20:51,1,N
394,TEAM,"","8",Kingston,"",2018-10-06 07:20:51,1,2018-10-06 07:20:51,1,N
395,TEAM,"","9",Croydon,"",2018-10-06 07:20:51,1,2018-10-06 07:20:51,1,N
396,TEAM,"","10",Brent,"",2018-10-06 07:20:51,1,2018-10-06 07:20:51,1,N
397,TEAM,"","11",Head Office,"",2018-10-06 07:20:51,1,2018-10-06 07:20:51,1,N
398,TEAM,"","12",Essex,"",2018-10-06 07:20:51,1,2018-10-06 07:20:51,1,N
399,TEAM,"","13",Waltham Forest,"",2018-10-06 07:20:51,1,2018-10-06 07:20:51,1,N
400,TEAM,"","14",Bexley,"",2018-10-06 07:20:51,1,2018-10-06 07:20:51,1,N
401,TEAM,"","15",Supported Living (Southbury Road Enfield),"",2018-10-06 07:20:51,1,2018-10-06 07:20:51,1,N
402,TEAM,"","16",PTS,"",2018-10-06 07:20:51,1,2018-10-06 07:20:51,1,N
403,TEAM,"","17",Rose House,"",2018-10-06 07:20:51,1,2018-10-06 07:20:51,1,N
404,TEAM,"","18",York House,"",2018-10-06 07:20:51,1,2018-10-06 07:20:51,1,N
405,TEAM,"","19",Roselands,"",2018-10-06 07:20:52,1,2018-10-06 07:20:52,1,N
406,TEAM,"","20",Mpower,"",2018-10-06 07:20:52,1,2018-10-06 07:20:52,1,N
407,TEAM,"","21",Smerdon,"",2018-10-06 07:20:52,1,2018-10-06 07:20:52,1,N
408,TEAM,"","22",Southwark,"",2018-10-06 07:20:52,1,2018-10-06 07:20:52,1,N
409,CARE_WORKER_GRADE,"","1",Grade-AA4,"",2018-10-06 07:20:52,1,2018-10-06 07:20:52,1,N
410,CARE_WORKER_GRADE,"","2",Grade-AA6,"",2018-10-06 07:20:52,1,2018-10-06 07:20:52,1,N
411,CARE_WORKER_GRADE,"","3",CARER,"",2018-10-06 07:20:52,1,2018-10-06 07:20:52,1,N
412,INTERVIEW_DECISION,"","1",Pending,"",2018-10-06 07:20:52,1,2018-10-06 07:20:52,1,N
413,INTERVIEW_DECISION,"","2",Accepted,"",2018-10-06 07:20:52,1,2018-10-06 07:20:52,1,N
414,INTERVIEW_DECISION,"","3",Rejected,"",2018-10-06 07:20:52,1,2018-10-06 07:20:52,1,N
415,RECRUITMENT_DOC_TYPE,"","1",Birth Certificate Number,"",2018-10-06 07:20:52,1,2018-10-06 07:20:52,1,N
416,RECRUITMENT_DOC_TYPE,"","2",Character Reference,"",2018-10-06 07:20:52,1,2018-10-06 07:20:52,1,N
417,RECRUITMENT_DOC_TYPE,"","3",CRB/DBS,"",2018-10-06 07:20:52,1,2018-10-06 07:20:52,1,N
418,RECRUITMENT_DOC_TYPE,"","4",Drivers License,"",2018-10-06 07:20:52,1,2018-10-06 07:20:52,1,N
419,RECRUITMENT_DOC_TYPE,"","5",Employer Reference,"",2018-10-06 07:20:52,1,2018-10-06 07:20:52,1,N
420,RECRUITMENT_DOC_TYPE,"","6",EU ID Card,"",2018-10-06 07:20:52,1,2018-10-06 07:20:52,1,N
421,RECRUITMENT_DOC_TYPE,"","7",HomeOffice Visa Renewal Letter,"",2018-10-06 07:20:52,1,2018-10-06 07:20:52,1,N
422,RECRUITMENT_DOC_TYPE,"","8",NMC Number,"",2018-10-06 07:20:52,1,2018-10-06 07:20:52,1,N
423,RECRUITMENT_DOC_TYPE,"","9",Passport,"",2018-10-06 07:20:52,1,2018-10-06 07:20:52,1,N
424,RECRUITMENT_DOC_TYPE,"","10",Professional Reference,"",2018-10-06 07:20:53,1,2018-10-06 07:20:53,1,N
425,RECRUITMENT_DOC_TYPE,"","11",Reference,"",2018-10-06 07:20:53,1,2018-10-06 07:20:53,1,N
426,RECRUITMENT_DOC_TYPE,"","12",Student EDU Letter exp,"",2018-10-06 07:20:53,1,2018-10-06 07:20:53,1,N
427,RECRUITMENT_DOC_TYPE,"","13",Student Holiday Accept Letter,"",2018-10-06 07:20:53,1,2018-10-06 07:20:53,1,N
428,RECRUITMENT_DOC_TYPE,"","14",Visa Expiry Date,"",2018-10-06 07:20:53,1,2018-10-06 07:20:53,1,N
429,POSITION,"","1",Ancillary Staff - Level 1,"",2018-10-06 07:20:53,1,2018-10-06 07:20:53,1,N
430,POSITION,"","2",Ancillary Staff - Level 2,"",2018-10-06 07:20:53,1,2018-10-06 07:20:53,1,N
431,POSITION,"","3",Ancillary Staff - Level 3,"",2018-10-06 07:20:53,1,2018-10-06 07:20:53,1,N
432,POSITION,"","4",Field Supervisor,"",2018-10-06 07:20:53,1,2018-10-06 07:20:53,1,N
433,POSITION,"","5",Handyman/Driver,"",2018-10-06 07:20:53,1,2018-10-06 07:20:53,1,N
434,POSITION,"","6",HCA,"",2018-10-06 07:20:53,1,2018-10-06 07:20:53,1,N
435,POSITION,"","7",Home Care Worker,"",2018-10-06 07:20:53,1,2018-10-06 07:20:53,1,N
436,POSITION,"","8",Housekeeper,"",2018-10-06 07:20:53,1,2018-10-06 07:20:53,1,N
437,POSITION,"","9",RGN,"",2018-10-06 07:20:53,1,2018-10-06 07:20:53,1,N
438,POSITION,"","10",RMN,"",2018-10-06 07:20:53,1,2018-10-06 07:20:53,1,N
439,POSITION,"","11",Senior Care Worker,"",2018-10-06 07:20:53,1,2018-10-06 07:20:53,1,N
440,POSITION,"","12",Senior Support Worker - Level 1,"",2018-10-06 07:20:53,1,2018-10-06 07:20:53,1,N
441,POSITION,"","13",Support Worker - Level 1,"",2018-10-06 07:20:53,1,2018-10-06 07:20:53,1,N
442,POSITION,"","14",Team Leader,"",2018-10-06 07:20:53,1,2018-10-06 07:20:53,1,N
443,SALARY_RATE_TYPE,"","1",Per Hour,"",2018-10-06 07:20:54,1,2018-10-06 07:20:54,1,N
444,SALARY_RATE_TYPE,"","2",Per Night (9 hours),"",2018-10-06 07:20:54,1,2018-10-06 07:20:54,1,N
445,SALARY_RATE_TYPE,"","3",Per Week,"",2018-10-06 07:20:54,1,2018-10-06 07:20:54,1,N
446,SALARY_RATE_TYPE,"","4",Per Month,"",2018-10-06 07:20:54,1,2018-10-06 07:20:54,1,N
447,SALARY_RATE_TYPE,"","5",Per Year,"",2018-10-06 07:20:54,1,2018-10-06 07:20:54,1,N
448,SALARY_RATE_TYPE,"","6",Per Night (10 hours),"",2018-10-06 07:20:54,1,2018-10-06 07:20:54,1,N
449,SERVICE_TYPE,"","1",All shifts,"",2018-10-06 07:20:54,1,2018-10-06 07:20:54,1,N
450,SERVICE_TYPE,"","2",AM Shift,"",2018-10-06 07:20:54,1,2018-10-06 07:20:54,1,N
451,SERVICE_TYPE,"","3",Care home AM shift,"",2018-10-06 07:20:54,1,2018-10-06 07:20:54,1,N
452,SERVICE_TYPE,"","4",Care home Long day shift,"",2018-10-06 07:20:54,1,2018-10-06 07:20:54,1,N
453,SERVICE_TYPE,"","5",Care home Long night shift,"",2018-10-06 07:20:55,1,2018-10-06 07:20:55,1,N
454,SERVICE_TYPE,"","6",Care home Night shift,"",2018-10-06 07:20:55,1,2018-10-06 07:20:55,1,N
455,SERVICE_TYPE,"","7",Care home PM shift,"",2018-10-06 07:20:55,1,2018-10-06 07:20:55,1,N
456,SERVICE_TYPE,"","8",Handyman / Driver,"",2018-10-06 07:20:55,1,2018-10-06 07:20:55,1,N
457,SERVICE_TYPE,"","9",Housekeeper,"",2018-10-06 07:20:55,1,2018-10-06 07:20:55,1,N
458,SERVICE_TYPE,"","10",Kitchen Worker,"",2018-10-06 07:20:55,1,2018-10-06 07:20:55,1,N
459,SERVICE_TYPE,"","11",Living Carer,"",2018-10-06 07:20:55,1,2018-10-06 07:20:55,1,N
460,SERVICE_TYPE,"","12",Long Day,"",2018-10-06 07:20:55,1,2018-10-06 07:20:55,1,N
461,SERVICE_TYPE,"","13",Long Night,"",2018-10-06 07:20:55,1,2018-10-06 07:20:55,1,N
462,SERVICE_TYPE,"","14",Night Shift,"",2018-10-06 07:20:55,1,2018-10-06 07:20:55,1,N
463,SERVICE_TYPE,"","15",PM Shift,"",2018-10-06 07:20:55,1,2018-10-06 07:20:55,1,N
464,SERVICE_TYPE,"","16",Residential care Home,"",2018-10-06 07:20:55,1,2018-10-06 07:20:55,1,N
465,SERVICE_TYPE,"","17",Sleep Over,"",2018-10-06 07:20:55,1,2018-10-06 07:20:55,1,N
466,SERVICE_TYPE,"","18",Specialised Services,"",2018-10-06 07:20:55,1,2018-10-06 07:20:55,1,N
467,SERVICE_TYPE,"","19",Waking Night,"",2018-10-06 07:20:55,1,2018-10-06 07:20:55,1,N
468,SERVICE_TYPE,"","20",WE Day Care,"",2018-10-06 07:20:55,1,2018-10-06 07:20:55,1,N
469,SERVICE_TYPE,"","21",WE Night Care,"",2018-10-06 07:20:55,1,2018-10-06 07:20:55,1,N
470,TRAINING_CENTRE,"","1",Activia Training,"",2018-10-06 07:20:55,1,2018-10-06 07:20:55,1,N
471,TRAINING_CENTRE,"","2",Aim Skills Development,"",2018-10-06 07:20:56,1,2018-10-06 07:20:56,1,N
472,TRAINING_CENTRE,"","3",Borough of Poole training,"",2018-10-06 07:20:56,1,2018-10-06 07:20:56,1,N
473,TRAINING_CENTRE,"","4",Brian green,"",2018-10-06 07:20:56,1,2018-10-06 07:20:56,1,N
474,TRAINING_CENTRE,"","5",Caxton training centre,"",2018-10-06 07:20:56,1,2018-10-06 07:20:56,1,N
475,TRAINING_CENTRE,"","6",CMC Training services,"",2018-10-06 07:20:56,1,2018-10-06 07:20:56,1,N
476,TRAINING_CENTRE,"","7",Eleanor Ealing training center,"",2018-10-06 07:20:56,1,2018-10-06 07:20:56,1,N
477,TRAINING_CENTRE,"","8",Eleanor Lee training centre,"",2018-10-06 07:20:56,1,2018-10-06 07:20:56,1,N
478,TRAINING_CENTRE,"","9",Eleanor Lewisham training center,"",2018-10-06 07:20:56,1,2018-10-06 07:20:56,1,N
479,TRAINING_CENTRE,"","10",Eleanor Poole training center,"",2018-10-06 07:20:56,1,2018-10-06 07:20:56,1,N
480,TRAINING_CENTRE,"","11",Eleanor Redbridge training center,"",2018-10-06 07:20:56,1,2018-10-06 07:20:56,1,N
481,TRAINING_CENTRE,"","12",Essential training company,"",2018-10-06 07:20:56,1,2018-10-06 07:20:56,1,N
482,TRAINING_CENTRE,"","13",Focus Training,"",2018-10-06 07:20:56,1,2018-10-06 07:20:56,1,N
483,TRAINING_CENTRE,"","14",Health and Safety group,"",2018-10-06 07:20:56,1,2018-10-06 07:20:56,1,N
484,TRAINING_CENTRE,"","15",Internal training,"",2018-10-06 07:20:56,1,2018-10-06 07:20:56,1,N
485,TRAINING_CENTRE,"","16",KJ Training,"",2018-10-06 07:20:56,1,2018-10-06 07:20:56,1,N
486,TRAINING_CENTRE,"","17",S Star training,"",2018-10-06 07:20:57,1,2018-10-06 07:20:57,1,N
487,TRAINING_CENTRE,"","18",Social Care TV,"",2018-10-06 07:20:57,1,2018-10-06 07:20:57,1,N
488,TRAINING_CENTRE,"","19",Staff 2000,"",2018-10-06 07:20:57,1,2018-10-06 07:20:57,1,N
489,TRAINING_CENTRE,"","20",TJ Training,"",2018-10-06 07:20:57,1,2018-10-06 07:20:57,1,N
490,TRAINING_CENTRE,"","1",Bexley,"",2018-10-06 07:20:57,1,2018-10-06 07:20:57,1,N
491,TRAINING_CENTRE,"","2",Bromley,"",2018-10-06 07:20:57,1,2018-10-06 07:20:57,1,N
492,TRAINING_CENTRE,"","3",Croydon,"",2018-10-06 07:20:57,1,2018-10-06 07:20:57,1,N
493,TRAINING_CENTRE,"","4",Ealing,"",2018-10-06 07:20:57,1,2018-10-06 07:20:57,1,N
494,TRAINING_CENTRE,"","5",Essex,"",2018-10-06 07:20:57,1,2018-10-06 07:20:57,1,N
495,TRAINING_CENTRE,"","6",Greenwich,"",2018-10-06 07:20:57,1,2018-10-06 07:20:57,1,N
496,TRAINING_CENTRE,"","7",Hounslow,"",2018-10-06 07:20:57,1,2018-10-06 07:20:57,1,N
497,TRAINING_CENTRE,"","8",Imperial,"",2018-10-06 07:20:57,1,2018-10-06 07:20:57,1,N
498,TRAINING_CENTRE,"","9",Kingston,"",2018-10-06 07:20:57,1,2018-10-06 07:20:57,1,N
499,TRAINING_CENTRE,"","10",Lewisham,"",2018-10-06 07:20:57,1,2018-10-06 07:20:57,1,N
500,TRAINING_CENTRE,"","11",Mpower,"",2018-10-06 07:20:57,1,2018-10-06 07:20:57,1,N
501,TRAINING_CENTRE,"","12",Poole,"",2018-10-06 07:20:57,1,2018-10-06 07:20:57,1,N
502,TRAINING_CENTRE,"","13",PTS,"",2018-10-06 07:20:57,1,2018-10-06 07:20:57,1,N
503,TRAINING_CENTRE,"","14",Redbridge,"",2018-10-06 07:20:57,1,2018-10-06 07:20:57,1,N
504,TRAINING_CENTRE,"","15",Rose House,"",2018-10-06 07:20:58,1,2018-10-06 07:20:58,1,N
505,TRAINING_CENTRE,"","16",Roselands,"",2018-10-06 07:20:58,1,2018-10-06 07:20:58,1,N
506,TRAINING_CENTRE,"","17",Royal Brompton Hospital,"",2018-10-06 07:20:58,1,2018-10-06 07:20:58,1,N
507,TRAINING_CENTRE,"","18",Smerdon,"",2018-10-06 07:20:58,1,2018-10-06 07:20:58,1,N
508,TRAINING_CENTRE,"","19",Southwark,"",2018-10-06 07:20:58,1,2018-10-06 07:20:58,1,N
509,TRAINING_CENTRE,"","20",Supported Living (Southbury Road Enfield),"",2018-10-06 07:20:58,1,2018-10-06 07:20:58,1,N
510,TRAINING_CENTRE,"","21",Waltham forest,"",2018-10-06 07:20:58,1,2018-10-06 07:20:58,1,N
511,TRAINING_CENTRE,"","22",York House,"",2018-10-06 07:20:58,1,2018-10-06 07:20:58,1,N
512,TRAINING_OUTCOME,"","1",Completed,"",2018-10-06 07:20:58,1,2018-10-06 07:20:58,1,N
513,TRAINING_OUTCOME,"","2",Fail,"",2018-10-06 07:20:58,1,2018-10-06 07:20:58,1,N
514,TRAINING_OUTCOME,"","3",Pass,"",2018-10-06 07:20:58,1,2018-10-06 07:20:58,1,N
515,TRAINING_OUTCOME,"","4",Pass with Distinction,"",2018-10-06 07:20:58,1,2018-10-06 07:20:58,1,N
516,TRAINING_OUTCOME,"","5",Pass with Merit,"",2018-10-06 07:20:58,1,2018-10-06 07:20:58,1,N
517,TRAINING_ENTRY_LEVEL,"","1",Refresher,"",2018-10-06 07:20:58,1,2018-10-06 07:20:58,1,N
518,CW_SKILL_TYPE,"","1","24 Hours Live in care","",2018-10-06 07:20:58,1,2018-10-06 07:20:58,1,N
519,CW_SKILL_TYPE,"","2",Assessment(SUP),"",2018-10-06 07:20:58,1,2018-10-06 07:20:58,1,N
520,CW_SKILL_TYPE,"","3",Assessment(TL),"",2018-10-06 07:20:58,1,2018-10-06 07:20:58,1,N
521,CW_SKILL_TYPE,"","4",Blitz Clean(Greenwich),"",2018-10-06 07:20:58,1,2018-10-06 07:20:58,1,N
522,CW_SKILL_TYPE,"","5",Client Extra Time,"",2018-10-06 07:20:58,1,2018-10-06 07:20:58,1,N
523,CW_SKILL_TYPE,"","6",DOMESTIC,"",2018-10-06 07:20:58,1,2018-10-06 07:20:58,1,N
524,CW_SKILL_TYPE,"","7",Laundry,"",2018-10-06 07:20:59,1,2018-10-06 07:20:59,1,N
525,CW_SKILL_TYPE,"","8",Medication pickup,"",2018-10-06 07:20:59,1,2018-10-06 07:20:59,1,N
526,CW_SKILL_TYPE,"","9",Missed Visit - Care Worker Error,"",2018-10-06 07:20:59,1,2018-10-06 07:20:59,1,N
527,CW_SKILL_TYPE,"","10",Missed Visit - Office Error NEW,"",2018-10-06 07:20:59,1,2018-10-06 07:20:59,1,N
528,CW_SKILL_TYPE,"","11",Night Owl Pilot,"",2018-10-06 07:20:59,1,2018-10-06 07:20:59,1,N
529,CW_SKILL_TYPE,"","12",Nursing,"",2018-10-06 07:20:59,1,2018-10-06 07:20:59,1,N
530,CW_SKILL_TYPE,"","13",Nursing - Grade D,"",2018-10-06 07:20:59,1,2018-10-06 07:20:59,1,N
531,CW_SKILL_TYPE,"","14",Nursing - Grade E,"",2018-10-06 07:20:59,1,2018-10-06 07:20:59,1,N
532,CW_SKILL_TYPE,"","15",Nursing - Grade F,"",2018-10-06 07:20:59,1,2018-10-06 07:20:59,1,N
533,CW_SKILL_TYPE,"","16",Nursing - HCA,"",2018-10-06 07:20:59,1,2018-10-06 07:20:59,1,N
534,CW_SKILL_TYPE,"","17",Nursing - Sleep Over,"",2018-10-06 07:20:59,1,2018-10-06 07:20:59,1,N
535,CW_SKILL_TYPE,"","18",Office Cleaning,"",2018-10-06 07:20:59,1,2018-10-06 07:20:59,1,N
536,CW_SKILL_TYPE,"","19",Patient Transport Service,"",2018-10-06 07:20:59,1,2018-10-06 07:20:59,1,N
537,CW_SKILL_TYPE,"","20",Personal Care,"",2018-10-06 07:20:59,1,2018-10-06 07:20:59,1,N
538,CW_SKILL_TYPE,"","21",Shopping,"",2018-10-06 07:20:59,1,2018-10-06 07:20:59,1,N
539,CW_SKILL_TYPE,"","22",Sitting In Service,"",2018-10-06 07:20:59,1,2018-10-06 07:20:59,1,N
540,CW_SKILL_TYPE,"","23",Sleep Over,"",2018-10-06 07:20:59,1,2018-10-06 07:20:59,1,N
541,CW_SKILL_TYPE,"","24",SNC,"",2018-10-06 07:20:59,1,2018-10-06 07:20:59,1,N
542,CW_SKILL_TYPE,"","25",Social Support,"",2018-10-06 07:20:59,1,2018-10-06 07:20:59,1,N
543,CW_SKILL_TYPE,"","26",Walking Night,"",2018-10-06 07:21:00,1,2018-10-06 07:21:00,1,N
544,RATE_GRADE,"","1",AA,"",2018-10-06 07:21:00,1,2018-10-06 07:21:00,1,N
545,RATE_GRADE,"","2",A,"",2018-10-06 07:21:00,1,2018-10-06 07:21:00,1,N
546,RATE_GRADE,"","3",B,"",2018-10-06 07:21:00,1,2018-10-06 07:21:00,1,N
547,RATE_GRADE,"","4",C,"",2018-10-06 07:21:00,1,2018-10-06 07:21:00,1,N
548,RATE_GRADE,"","5",D,"",2018-10-06 07:21:00,1,2018-10-06 07:21:00,1,N
549,RATE_GRADE,"","6",D1,"",2018-10-06 07:21:00,1,2018-10-06 07:21:00,1,N
550,RATE_GRADE,"","7",E,"",2018-10-06 07:21:00,1,2018-10-06 07:21:00,1,N
551,RATE_GRADE,"","8",F,"",2018-10-06 07:21:00,1,2018-10-06 07:21:00,1,N
552,RATE_GRADE,"","9",G,"",2018-10-06 07:21:00,1,2018-10-06 07:21:00,1,N
553,RATE_GRADE,"","10",H,"",2018-10-06 07:21:00,1,2018-10-06 07:21:00,1,N
554,RATE_GRADE,"","11",I,"",2018-10-06 07:21:00,1,2018-10-06 07:21:00,1,N
555,RATE_GRADE,"","12",J,"",2018-10-06 07:21:00,1,2018-10-06 07:21:00,1,N
556,RATE_GRADE,"","13",K,"",2018-10-06 07:21:00,1,2018-10-06 07:21:00,1,N
557,RATE_GRADE,"","14",L,"",2018-10-06 07:21:00,1,2018-10-06 07:21:00,1,N
558,RATE_GRADE,"","15",L1,"",2018-10-06 07:21:00,1,2018-10-06 07:21:00,1,N
559,RATE_GRADE,"","16",M,"",2018-10-06 07:21:00,1,2018-10-06 07:21:00,1,N
560,RATE_GRADE,"","17",N,"",2018-10-06 07:21:00,1,2018-10-06 07:21:00,1,N
561,RATE_GRADE,"","18",O,"",2018-10-06 07:21:00,1,2018-10-06 07:21:00,1,N
562,RATE_GRADE,"","19",P,"",2018-10-06 07:21:01,1,2018-10-06 07:21:01,1,N
563,RATE_GRADE,"","20",Q,"",2018-10-06 07:21:01,1,2018-10-06 07:21:01,1,N
564,RATE_GRADE,"","21",R,"",2018-10-06 07:21:01,1,2018-10-06 07:21:01,1,N
565,RATE_GRADE,"","22",S,"",2018-10-06 07:21:01,1,2018-10-06 07:21:01,1,N
566,RATE_GRADE,"","23",T,"",2018-10-06 07:21:01,1,2018-10-06 07:21:01,1,N
567,RATE_GRADE,"","24",U,"",2018-10-06 07:21:01,1,2018-10-06 07:21:01,1,N
568,RATE_GRADE,"","25",V,"",2018-10-06 07:21:01,1,2018-10-06 07:21:01,1,N
569,RATE_GRADE,"","26",W,"",2018-10-06 07:21:01,1,2018-10-06 07:21:01,1,N
570,RATE_GRADE,"","27",X,"",2018-10-06 07:21:01,1,2018-10-06 07:21:01,1,N
571,RATE_GRADE,"","28",Y,"",2018-10-06 07:21:01,1,2018-10-06 07:21:01,1,N
572,RATE_GRADE,"","29",Z,"",2018-10-06 07:21:01,1,2018-10-06 07:21:01,1,N
573,RATE_GRADE,"","30",AA1,"",2018-10-06 07:21:01,1,2018-10-06 07:21:01,1,N
574,RATE_GRADE,"","31",AA2,"",2018-10-06 07:21:01,1,2018-10-06 07:21:01,1,N
575,RATE_GRADE,"","32",AA3,"",2018-10-06 07:21:01,1,2018-10-06 07:21:01,1,N
576,RATE_GRADE,"","33",AA4,"",2018-10-06 07:21:01,1,2018-10-06 07:21:01,1,N
577,RATE_GRADE,"","34",AA5,"",2018-10-06 07:21:01,1,2018-10-06 07:21:01,1,N
578,RATE_GRADE,"","35",AA6,"",2018-10-06 07:21:01,1,2018-10-06 07:21:01,1,N
579,RATE_GRADE,"","36",AA9,"",2018-10-06 07:21:01,1,2018-10-06 07:21:01,1,N
580,RATE_GRADE,"","37",U1,"",2018-10-06 07:21:01,1,2018-10-06 07:21:01,1,N
581,RATE_GRADE,"","38",Z1,"",2018-10-06 07:21:01,1,2018-10-06 07:21:01,1,N
582,AWARD_TYPE,"","1",Carer of the Month,"",2018-10-06 07:21:02,1,2018-10-06 07:21:02,1,N
656,PREFERENCE_TYPE,"","2",Non Smoking,"profile__is_non_smoker,c,1",2018-10-06 07:21:05,1,2018-10-06 07:21:05,1,N
657,PREFERENCE_TYPE,"","3",Same Gender,"profile__sex_mc_id,cs,0",2018-10-06 07:21:05,1,2018-10-06 07:21:05,1,N
658,PREFERENCE_TYPE,"","4",Named Care Worker,"user_name,s,0",2018-10-06 07:21:05,1,2018-10-06 07:21:05,1,N
659,PREFERENCE_TYPE,"","5",Same Religion,"profile__religion_mc_id,s,0",2018-10-06 07:21:05,1,2018-10-06 07:21:05,1,N
660,PREFERENCE_TYPE,"","6",Same Ethnicity,"profile__ethnicity_mc_id,s,0",2018-10-06 07:21:05,1,2018-10-06 07:21:05,1,N
661,PREFERENCE_TYPE,"","7",Same Language,"profile__primary_language_mc_id,s,1",2018-10-06 07:21:05,1,2018-10-06 07:21:05,1,N
662,PREFERENCE_INCORPERATION_TYPE,"","1",Hard,"",2018-10-06 07:21:05,1,2018-10-06 07:21:05,1,N
663,PREFERENCE_INCORPERATION_TYPE,"","2",Soft,"",2018-10-06 07:21:05,1,2018-10-06 07:21:05,1,N
665,LEAVE_TYPE,"","1",Annual Leave,"",2018-12-10 16:00:00,1,2018-12-10 16:00:00,1,N
666,LEAVE_TYPE,"","2",Medical Leave,"",2018-12-10 16:00:00,1,2018-12-10 16:00:00,1,N
667,LEAVE_TYPE,"","3",Urgent Leave,"",2018-12-10 16:00:00,1,2018-12-10 16:00:00,1,N
668,LEAVE_TYPE,"","4",Leave of Absence,"",2018-12-10 16:00:00,1,2018-12-10 16:00:00,1,N
670,HOLIDAY_DETAIL_TYPE,"","1",Full Day,"",2018-12-10 16:00:00,1,2018-12-10 16:00:00,1,N
671,HOLIDAY_DETAIL_TYPE,"","2",Half(am),"",2018-12-10 16:00:00,1,2018-12-10 16:00:00,1,N
672,HOLIDAY_DETAIL_TYPE,"","3",Half(pm),"",2018-12-10 16:00:00,1,2018-12-10 16:00:00,1,N
673,LEAVE_STATUS,"","1",Approved,"",2018-12-10 16:00:00,1,2018-12-10 16:00:00,1,N
674,LEAVE_STATUS,"","2",Rejected,"",2018-12-10 16:00:00,1,2018-12-10 16:00:00,1,N
675,LEAVE_STATUS,"","3",Pending,"",2018-12-10 16:00:00,1,2018-12-10 16:00:00,1,N
676,CHANGE_SCHEDULE_RESULT,"","1",Pending,"",2018-12-17 16:00:00,1,2018-12-17 16:00:00,1,N
677,CHANGE_SCHEDULE_RESULT,"","2",Approved,"",2018-12-17 16:00:00,1,2018-12-17 16:00:00,1,N
678,CHANGE_SCHEDULE_RESULT,"","3",Rejected,"",2018-12-17 16:00:00,1,2018-12-17 16:00:00,1,N
679,CHANGE_SCHEDULE_STATUS,"","1",Available,"",2018-12-17 16:00:00,1,2018-12-17 16:00:00,1,N
680,CHANGE_SCHEDULE_STATUS,"","2",Unavailable,"",2018-12-17 16:00:00,1,2018-12-17 16:00:00,1,N
681,REPORTED_TYPE_CW,"","1","2",Service User,2018-12-17 16:00:00,1,2018-12-17 16:00:00,1,N
682,REPORTED_TYPE_CW,"","2","3",Fellow Careworker,2018-12-17 16:00:00,1,2018-12-17 16:00:00,1,N
683,REPORTED_TYPE_CW,"","3","4",NOK,2018-12-17 16:00:00,1,2018-12-17 16:00:00,1,N
684,REPORTED_TYPE_CW,"","4","1",Co-ordinator,2018-12-17 16:00:00,1,2018-12-17 16:00:00,1,N
685,REPORTED_TYPE_CW,"","5","5",Supervisor,2018-12-17 16:00:00,1,2018-12-17 16:00:00,1,N
686,REPORTED_TYPE_COR,"","1","2",Service User,2018-12-17 16:00:00,1,2018-12-17 16:00:00,1,N
687,REPORTED_TYPE_COR,"","2","3",Care Worker,2018-12-17 16:00:00,1,2018-12-17 16:00:00,1,N
688,REPORTED_TYPE_COR,"","3","4",NOK,2018-12-17 16:00:00,1,2018-12-17 16:00:00,1,N
689,REPORTED_TYPE_COR,"","4","5",Supervisor,2018-12-17 16:00:00,1,2018-12-17 16:00:00,1,N
690,REPORTED_TYPE_SUP,"","1","2",Service User,2018-12-17 16:00:00,1,2018-12-17 16:00:00,1,N
691,REPORTED_TYPE_SUP,"","2","3",Care Worker,2018-12-17 16:00:00,1,2018-12-17 16:00:00,1,N
692,REPORTED_TYPE_SUP,"","3","4",NOK,2018-12-17 16:00:00,1,2018-12-17 16:00:00,1,N
693,REPORTED_TYPE_SUP,"","4","1",Co-ordinator,2018-12-17 16:00:00,1,2018-12-17 16:00:00,1,N
694,REPORTED_TYPE_SU,"","1","5",Supervisor,2018-12-17 16:00:00,1,2018-12-17 16:00:00,1,N
695,REPORTED_TYPE_SU,"","2","3",Care Worker,2018-12-17 16:00:00,1,2018-12-17 16:00:00,1,N
696,REPORTED_TYPE_SU,"","3","1",Co-ordinator,2018-12-17 16:00:00,1,2018-12-17 16:00:00,1,N
697,REPORTED_TYPE_NOK,"","1","5",Supervisor,2018-12-17 16:00:00,1,2018-12-17 16:00:00,1,N
698,REPORTED_TYPE_NOK,"","2","3",Care Worker,2018-12-17 16:00:00,1,2018-12-17 16:00:00,1,N
699,REPORTED_TYPE_NOK,"","3","1",Co-ordinator,2018-12-17 16:00:00,1,2018-12-17 16:00:00,1,N
700,REPORTED_TYPE_MED,"","1","2",Service User,2018-12-17 16:00:00,1,2018-12-17 16:00:00,1,N
701,REPORTED_TYPE_MED,"","2","3",Care Worker,2018-12-17 16:00:00,1,2018-12-17 16:00:00,1,N
702,REPORTED_TYPE_MED,"","3","1",Co-ordinator,2018-12-17 16:00:00,1,2018-12-17 16:00:00,1,N
703,REPORTED_TYPE_SOCIAL,"","1","2",Service User,2018-12-17 16:00:00,1,2018-12-17 16:00:00,1,N
704,REPORTED_TYPE_SOCIAL,"","2","3",Care Worker,2018-12-17 16:00:00,1,2018-12-17 16:00:00,1,N
705,DEFAULT_AVAILABILITY_RESULT,"","1",Pending,"",2019-01-24 16:00:00,1,2019-01-24 16:00:00,1,N
706,DEFAULT_AVAILABILITY_RESULT,"","2",Approved,"",2019-01-24 16:00:00,1,2019-01-24 16:00:00,1,N
707,DEFAULT_AVAILABILITY_RESULT,"","3",Rejected,"",2019-01-24 16:00:00,1,2019-01-24 16:00:00,1,N
708,DEFAULT_AVAILABILITY_STATUS,"","1",Available,"",2019-01-24 16:00:00,1,2019-01-24 16:00:00,1,N
709,DEFAULT_AVAILABILITY_STATUS,"","1",Unavailable,"",2019-01-24 16:00:00,1,2019-01-24 16:00:00,1,N
710,CURRENT_LOCATION_STATUS,"","1",In Office,"",2019-01-24 16:00:00,1,2019-01-24 16:00:00,1,N
711,CURRENT_LOCATION_STATUS,"","2",On Leave,"",2019-01-24 16:00:00,1,2019-01-24 16:00:00,1,N
712,CW_STATUS,"","1",Active,"",2019-02-19 16:00:00,1,2019-02-19 16:00:00,1,N
713,CW_STATUS,"","2",Suspended,"",2019-02-19 16:00:00,1,2019-02-19 16:00:00,1,N
714,CW_STATUS,"","3",Contract Expired,"",2019-02-19 16:00:00,1,2019-02-19 16:00:00,1,N
715,CW_STATUS,"","4",Terminated,"",2019-02-19 16:00:00,1,2019-02-19 16:00:00,1,N
716,CW_STATUS,"","5",Pending Interview,"",2019-03-01 16:00:00,1,2019-03-01 16:00:00,1,N
717,CW_STATUS,"","6",Interview Scheduled,"",2019-03-01 16:00:00,1,2019-03-01 16:00:00,1,N
718,CW_STATUS,"","7",Rejected,"",2019-03-01 16:00:00,1,2019-03-01 16:00:00,1,N
719,CW_STATUS,"","8",Shortlisted,"",2019-03-01 16:00:00,1,2019-03-01 16:00:00,1,N
720,AVAILABILITY_STATUS,"","1",Current,"",2019-03-01 16:00:00,1,2019-03-01 16:00:00,1,N
721,AVAILABILITY_STATUS,"","2",Pending,"",2019-03-01 16:00:00,1,2019-03-01 16:00:00,1,N
722,AVAILABILITY_STATUS,"","3",Historic,"",2019-03-01 16:00:00,1,2019-03-01 16:00:00,1,N
723,AVAILABILITY_STATUS,"","4",Rejected,"",2019-03-01 16:00:00,1,2019-03-01 16:00:00,1,N
724,AVAILABILITY_STATUS,"","5",Approved,"",2019-03-01 16:00:00,1,2019-03-01 16:00:00,1,N
725,EMPLOYMENT_STATUS,"","1",Current,"",2019-03-01 16:00:00,1,2019-03-01 16:00:00,1,N
726,EMPLOYMENT_STATUS,"","2",Expired,"",2019-03-01 16:00:00,1,2019-03-01 16:00:00,1,N
727,EMPLOYMENT_STATUS,"","3",Terminated,"",2019-03-01 16:00:00,1,2019-03-01 16:00:00,1,N
729,EMPLOYMENT_CONTRACT_TYPE,"","2",Part Time,"",2019-03-04 16:00:00,1,2019-03-04 16:00:00,1,N
730,TRAINING_STATUS,"","1",Awaiting HR Approval,"",2019-03-05 16:00:00,1,2019-03-05 16:00:00,1,N
731,TRAINING_STATUS,"","2",Awaiting Finance Approval,"",2019-03-05 16:00:00,1,2019-03-05 16:00:00,1,N
732,TRAINING_STATUS,"","3",Pending Schedule,"",2019-03-05 16:00:00,1,2019-03-05 16:00:00,1,N
733,TRAINING_STATUS,"","4",Scheduled,"",2019-03-05 16:00:00,1,2019-03-05 16:00:00,1,N
734,TRAINING_STATUS,"","5",Rejected,"",2019-03-05 16:00:00,1,2019-03-05 16:00:00,1,N
735,TRAINING_STATUS,"","6",Fail,"",2019-03-05 16:00:00,1,2019-03-05 16:00:00,1,N
736,TRAINING_STATUS,"","7",Pass,"",2019-03-05 16:00:00,1,2019-03-05 16:00:00,1,N
737,TRAINING_STATUS,"","8",Pass with Distinction,"",2019-03-05 16:00:00,1,2019-03-05 16:00:00,1,N
738,TRAINING_STATUS,"","9",Pass with Merit,"",2019-03-05 16:00:00,1,2019-03-05 16:00:00,1,N
739,BOOKING_CHANGE_REQUEST_TYPE,"","1",Cancel,"",2019-03-11 16:00:00,1,2019-03-11 16:00:00,1,N
741,BOOKING_CHANGE_REQUEST_STATUS,"","1",Pending,"",2019-03-11 16:00:00,1,2019-03-11 16:00:00,1,N
742,BOOKING_CHANGE_REQUEST_STATUS,"","2",Approved,"",2019-03-11 16:00:00,1,2019-03-11 16:00:00,1,N
743,BOOKING_CHANGE_REQUEST_STATUS,"","3",Rejected,"",2019-03-11 16:00:00,1,2019-03-11 16:00:00,1,N
744,BOOKING_CHANGE_REQUEST_STATUS,"","4",Expired,"",2019-03-11 16:00:00,1,2019-03-11 16:00:00,1,N
745,BOOKING_ALLOCATION_RESULT,"","1",Pending,"",2019-03-11 16:00:00,1,2019-03-11 16:00:00,1,N
747,BOOKING_ALLOCATION_RESULT,"","3",Allocated,"",2019-03-11 16:00:00,1,2019-03-11 16:00:00,1,N
748,BOOKING_ALLOCATION_RESULT,"","4",Partially Allocated,"",2019-03-11 16:00:00,1,2019-03-11 16:00:00,1,N
749,BOOKING_STATUS,"","1",New,"",2019-03-11 16:00:00,1,2019-03-11 16:00:00,1,N
750,BOOKING_STATUS,"","2",Past,"",2019-03-11 16:00:00,1,2019-03-11 16:00:00,1,N
751,BOOKING_STATUS,"","3",Temp,"",2019-03-11 16:00:00,1,2019-03-11 16:00:00,1,N
752,BOOKING_STATUS,"","4",Cancelled,"",2019-03-11 16:00:00,1,2019-03-11 16:00:00,1,N
753,BOOKING_STATUS,"","5",Rescheduled,"",2019-03-11 16:00:00,1,2019-03-11 16:00:00,1,N
754,JOURNAL_TYPE,"","1",Medication Issue,"",2019-03-14 16:00:00,1,2019-03-14 16:00:00,1,N
755,JOURNAL_TYPE,"","2",Hospitalization,"",2019-03-14 16:00:00,1,2019-03-14 16:00:00,1,N
766,SEVERITY,"","1",Low,"",2019-03-14 16:00:00,1,2019-03-14 16:00:00,1,N
767,SEVERITY,"","2",Medium,"",2019-03-14 16:00:00,1,2019-03-14 16:00:00,1,N
768,SEVERITY,"","3",High,"",2019-03-14 16:00:00,1,2019-03-14 16:00:00,1,N
774,TREATMENT_STATUS,"","1",Ongoing,"",2019-03-14 16:00:00,1,2019-03-14 16:00:00,1,N
775,TREATMENT_STATUS,"","2",Suspended,"",2019-03-14 16:00:00,1,2019-03-14 16:00:00,1,N
776,TREATMENT_STATUS,"","3",Completed,"",2019-03-14 16:00:00,1,2019-03-14 16:00:00,1,N
777,MENTAL_FITNESS,"","1",Low,"",2019-03-14 16:00:00,1,2019-03-14 16:00:00,1,N
778,MENTAL_FITNESS,"","2",Medium,"",2019-03-14 16:00:00,1,2019-03-14 16:00:00,1,N
779,MENTAL_FITNESS,"","3",High,"",2019-03-14 16:00:00,1,2019-03-14 16:00:00,1,N
780,PHYSICAL_FITNESS,"","1",Low,"",2019-03-14 16:00:00,1,2019-03-14 16:00:00,1,N
781,PHYSICAL_FITNESS,"","2",Medium,"",2019-03-14 16:00:00,1,2019-03-14 16:00:00,1,N
782,PHYSICAL_FITNESS,"","3",High,"",2019-03-14 16:00:00,1,2019-03-14 16:00:00,1,N
783,BOOKING_SCHEDULE_STATUS,"","1",Current,"",2019-03-14 16:00:00,1,2019-03-14 16:00:00,1,N
784,BOOKING_SCHEDULE_STATUS,"","2",Pending,"",2019-03-14 16:00:00,1,2019-03-14 16:00:00,1,N
785,BOOKING_SCHEDULE_STATUS,"","3",Approved,"",2019-03-14 16:00:00,1,2019-03-14 16:00:00,1,N
786,BOOKING_SCHEDULE_STATUS,"","4",Historic,"",2019-03-14 16:00:00,1,2019-03-14 16:00:00,1,N
787,MEDICATION_TYPE,"","1",Prompt,"",2019-03-15 16:00:00,1,2019-03-15 16:00:00,1,N
788,MEDICATION_TYPE,"","2",Administer,"",2019-03-15 16:00:00,1,2019-03-15 16:00:00,1,N
789,MEDICATION_STATUS,"","1",Ongoing,"",2019-03-15 16:00:00,1,2019-03-15 16:00:00,1,N
790,MEDICATION_STATUS,"","2",Suspended,"",2019-03-15 16:00:00,1,2019-03-15 16:00:00,1,N
791,MEDICATION_STATUS,"","3",Completed,"",2019-03-15 16:00:00,1,2019-03-15 16:00:00,1,N
792,NOTIFICATION_STATUS,"","1",Closed,"",2019-03-14 16:00:00,1,2019-03-14 16:00:00,1,N
793,NOTIFICATION_STATUS,"","2",Elevated,"",2019-03-14 16:00:00,1,2019-03-14 16:00:00,1,N
794,NOTIFICATION_STATUS,"","3",Halted,"",2019-03-14 16:00:00,1,2019-03-14 16:00:00,1,N
795,NOTIFICATION_STATUS,"","4",New,"",2019-03-14 16:00:00,1,2019-03-14 16:00:00,1,N
796,NOTIFICATION_TYPE,"","1",Alert,"",2019-03-15 16:00:00,1,2019-03-15 16:00:00,1,N
797,NOTIFICATION_TYPE,"","2",Notification,"",2019-03-15 16:00:00,1,2019-03-15 16:00:00,1,N
798,NOTIFICATION_TYPE,"","3",Reminder,"",2019-03-15 16:00:00,1,2019-03-15 16:00:00,1,N
799,NOTIFICATION_TYPE,"","4",Request,"",2019-03-15 16:00:00,1,2019-03-15 16:00:00,1,N
800,NOTIFICATION_CLOUSURE_TYPE,"","1",Auto,"",2019-03-14 16:00:00,1,2019-03-14 16:00:00,1,N
801,NOTIFICATION_CLOUSURE_TYPE,"","2",Force,"",2019-03-14 16:00:00,1,2019-03-14 16:00:00,1,N
802,NOTIFICATION_CLOUSURE_TYPE,"","3",Runout,"",2019-03-14 16:00:00,1,2019-03-14 16:00:00,1,N
804,PREFERENCE_TYPE,"","9",Transport Mode,",c,1",2018-10-06 07:21:05,1,2018-10-06 07:21:05,1,N
805,FEEDBACK_STATUS,"","1",Ignored,"",2019-03-14 16:00:00,1,2019-03-14 16:00:00,1,N
806,FEEDBACK_STATUS,"","2",Pending,"",2019-03-14 16:00:00,1,2019-03-14 16:00:00,1,N
807,FEEDBACK_STATUS,"","3",Resolved,"",2019-03-14 16:00:00,1,2019-03-14 16:00:00,1,N
808,FEEDBACK_PRIORITY_LEVEL,"","1",Low,"",2019-03-14 16:00:00,1,2019-03-14 16:00:00,1,N
889,NATIONALITY,"","54",Dutchwoman,"",2019-04-19 04:59:06,1,2019-04-19 04:59:06,1,N
809,FEEDBACK_PRIORITY_LEVEL,"","2",Medium,"",2019-03-14 16:00:00,1,2019-03-14 16:00:00,1,N
810,FEEDBACK_PRIORITY_LEVEL,"","3",High,"",2019-03-14 16:00:00,1,2019-03-14 16:00:00,1,N
811,FEEDBACK_TOPIC,"","1",Service Quality,"",2019-03-14 16:00:00,1,2019-03-14 16:00:00,1,N
812,FEEDBACK_TOPIC,"","2",Hygiene,"",2019-03-14 16:00:00,1,2019-03-14 16:00:00,1,N
813,FEEDBACK_TOPIC,"","3",Punctuality,"",2019-03-14 16:00:00,1,2019-03-14 16:00:00,1,N
814,FEEDBACK_TOPIC,"","4",Behavior,"",2019-03-14 16:00:00,1,2019-03-14 16:00:00,1,N
815,FEEDBACK_TOPIC,"","5",Attitude,"",2019-03-14 16:00:00,1,2019-03-14 16:00:00,1,N
816,FEEDBACK_TOPIC,"","6",Others,"",2019-03-14 16:00:00,1,2019-03-14 16:00:00,1,N
817,FEEDBACK_NATURE,"","1",Complaint,"",2019-03-14 16:00:00,1,2019-03-14 16:00:00,1,N
818,FEEDBACK_NATURE,"","2",Compliment,"",2019-03-14 16:00:00,1,2019-03-14 16:00:00,1,N
819,ALLOCATION_TYPE,"","1",Auto,"",2019-03-14 16:00:00,1,2019-03-14 16:00:00,1,N
821,ALLOCATION_TYPE,"","3",Manual,"",2019-03-14 16:00:00,1,2019-03-14 16:00:00,1,N
823,SERVICE_START_REPORT_METHOD,"","1",Manual,"",2019-03-14 16:00:00,1,2019-03-14 16:00:00,1,N
824,SERVICE_START_REPORT_METHOD,"","2",System,"",2019-03-14 16:00:00,1,2019-03-14 16:00:00,1,N
825,SERVICE_START_STATUS,"","1",Attended,"",2019-03-14 16:00:00,1,2019-03-14 16:00:00,1,N
826,SERVICE_START_STATUS,"","2",Late,"",2019-03-14 16:00:00,1,2019-03-14 16:00:00,1,N
827,SERVICE_START_STATUS,"","3",No Show,"",2019-03-14 16:00:00,1,2019-03-14 16:00:00,1,N
828,SERVICE_START_STATUS,"","4",Pending,"",2019-03-14 16:00:00,1,2019-03-14 16:00:00,1,N
829,SERVICE_END_REPORT_METHOD,"","1",Manual,"",2019-03-14 16:00:00,1,2019-03-14 16:00:00,1,N
830,SERVICE_END_REPORT_METHOD,"","2",System,"",2019-03-14 16:00:00,1,2019-03-14 16:00:00,1,N
831,SERVICE_END_STATUS,"","1",Interrupted,"",2019-03-14 16:00:00,1,2019-03-14 16:00:00,1,N
832,SERVICE_END_STATUS,"","2",Left,"",2019-03-14 16:00:00,1,2019-03-14 16:00:00,1,N
833,SERVICE_END_STATUS,"","3",Pending,"",2019-03-14 16:00:00,1,2019-03-14 16:00:00,1,N
834,PERFORMANCE_STATUS,"","1",Current,"",2019-03-14 16:00:00,1,2019-03-14 16:00:00,1,N
835,PERFORMANCE_STATUS,"","1",Past,"",2019-03-14 16:00:00,1,2019-03-14 16:00:00,1,N
836,NATIONALITY,"","1",Afghan,"",2019-04-19 04:59:06,1,2019-04-19 04:59:06,1,N
837,NATIONALITY,"","2",Albanian,"",2019-04-19 04:59:06,1,2019-04-19 04:59:06,1,N
838,NATIONALITY,"","3",Algerian,"",2019-04-19 04:59:06,1,2019-04-19 04:59:06,1,N
839,NATIONALITY,"","4",American,"",2019-04-19 04:59:06,1,2019-04-19 04:59:06,1,N
840,NATIONALITY,"","5",Andorran,"",2019-04-19 04:59:06,1,2019-04-19 04:59:06,1,N
841,NATIONALITY,"","6",Angolan,"",2019-04-19 04:59:06,1,2019-04-19 04:59:06,1,N
842,NATIONALITY,"","7",Antiguans,"",2019-04-19 04:59:06,1,2019-04-19 04:59:06,1,N
843,NATIONALITY,"","8",Argentinean,"",2019-04-19 04:59:06,1,2019-04-19 04:59:06,1,N
844,NATIONALITY,"","9",Armenian,"",2019-04-19 04:59:06,1,2019-04-19 04:59:06,1,N
845,NATIONALITY,"","10",Australian,"",2019-04-19 04:59:06,1,2019-04-19 04:59:06,1,N
846,NATIONALITY,"","11",Austrian,"",2019-04-19 04:59:06,1,2019-04-19 04:59:06,1,N
847,NATIONALITY,"","12",Azerbaijani,"",2019-04-19 04:59:06,1,2019-04-19 04:59:06,1,N
848,NATIONALITY,"","13",Bahamian,"",2019-04-19 04:59:06,1,2019-04-19 04:59:06,1,N
849,NATIONALITY,"","14",Bahraini,"",2019-04-19 04:59:06,1,2019-04-19 04:59:06,1,N
850,NATIONALITY,"","15",Bangladeshi,"",2019-04-19 04:59:06,1,2019-04-19 04:59:06,1,N
851,NATIONALITY,"","16",Barbadian,"",2019-04-19 04:59:06,1,2019-04-19 04:59:06,1,N
852,NATIONALITY,"","17",Barbudans,"",2019-04-19 04:59:06,1,2019-04-19 04:59:06,1,N
853,NATIONALITY,"","18",Batswana,"",2019-04-19 04:59:06,1,2019-04-19 04:59:06,1,N
854,NATIONALITY,"","19",Belarusian,"",2019-04-19 04:59:06,1,2019-04-19 04:59:06,1,N
855,NATIONALITY,"","20",Belgian,"",2019-04-19 04:59:06,1,2019-04-19 04:59:06,1,N
856,NATIONALITY,"","21",Belizean,"",2019-04-19 04:59:06,1,2019-04-19 04:59:06,1,N
857,NATIONALITY,"","22",Beninese,"",2019-04-19 04:59:06,1,2019-04-19 04:59:06,1,N
858,NATIONALITY,"","23",Bhutanese,"",2019-04-19 04:59:06,1,2019-04-19 04:59:06,1,N
859,NATIONALITY,"","24",Bolivian,"",2019-04-19 04:59:06,1,2019-04-19 04:59:06,1,N
860,NATIONALITY,"","25",Bosnian,"",2019-04-19 04:59:06,1,2019-04-19 04:59:06,1,N
861,NATIONALITY,"","26",Brazilian,"",2019-04-19 04:59:06,1,2019-04-19 04:59:06,1,N
862,NATIONALITY,"","27",British,"",2019-04-19 04:59:06,1,2019-04-19 04:59:06,1,N
863,NATIONALITY,"","28",Bruneian,"",2019-04-19 04:59:06,1,2019-04-19 04:59:06,1,N
864,NATIONALITY,"","29",Bulgarian,"",2019-04-19 04:59:06,1,2019-04-19 04:59:06,1,N
865,NATIONALITY,"","30",Burkinabe,"",2019-04-19 04:59:06,1,2019-04-19 04:59:06,1,N
866,NATIONALITY,"","31",Burmese,"",2019-04-19 04:59:06,1,2019-04-19 04:59:06,1,N
867,NATIONALITY,"","32",Burundian,"",2019-04-19 04:59:06,1,2019-04-19 04:59:06,1,N
868,NATIONALITY,"","33",Cambodian,"",2019-04-19 04:59:06,1,2019-04-19 04:59:06,1,N
869,NATIONALITY,"","34",Cameroonian,"",2019-04-19 04:59:06,1,2019-04-19 04:59:06,1,N
870,NATIONALITY,"","35",Canadian,"",2019-04-19 04:59:06,1,2019-04-19 04:59:06,1,N
871,NATIONALITY,"","36",Cape Verdean,"",2019-04-19 04:59:06,1,2019-04-19 04:59:06,1,N
872,NATIONALITY,"","37",Central African,"",2019-04-19 04:59:06,1,2019-04-19 04:59:06,1,N
873,NATIONALITY,"","38",Chadian,"",2019-04-19 04:59:06,1,2019-04-19 04:59:06,1,N
874,NATIONALITY,"","39",Chilean,"",2019-04-19 04:59:06,1,2019-04-19 04:59:06,1,N
875,NATIONALITY,"","40",Chinese,"",2019-04-19 04:59:06,1,2019-04-19 04:59:06,1,N
876,NATIONALITY,"","41",Colombian,"",2019-04-19 04:59:06,1,2019-04-19 04:59:06,1,N
877,NATIONALITY,"","42",Comoran,"",2019-04-19 04:59:06,1,2019-04-19 04:59:06,1,N
878,NATIONALITY,"","43",Congolese,"",2019-04-19 04:59:06,1,2019-04-19 04:59:06,1,N
822,ALLOCATION_TYPE,"","4",Pre-Lock,"",2019-03-14 16:00:00,1,2019-03-14 16:00:00,1,N
879,NATIONALITY,"","44",Costa Rican,"",2019-04-19 04:59:06,1,2019-04-19 04:59:06,1,N
880,NATIONALITY,"","45",Croatian,"",2019-04-19 04:59:06,1,2019-04-19 04:59:06,1,N
881,NATIONALITY,"","46",Cuban,"",2019-04-19 04:59:06,1,2019-04-19 04:59:06,1,N
882,NATIONALITY,"","47",Cypriot,"",2019-04-19 04:59:06,1,2019-04-19 04:59:06,1,N
883,NATIONALITY,"","48",Czech,"",2019-04-19 04:59:06,1,2019-04-19 04:59:06,1,N
884,NATIONALITY,"","49",Danish,"",2019-04-19 04:59:06,1,2019-04-19 04:59:06,1,N
885,NATIONALITY,"","50",Djibouti,"",2019-04-19 04:59:06,1,2019-04-19 04:59:06,1,N
886,NATIONALITY,"","51",Dominican,"",2019-04-19 04:59:06,1,2019-04-19 04:59:06,1,N
887,NATIONALITY,"","52",Dutch,"",2019-04-19 04:59:06,1,2019-04-19 04:59:06,1,N
888,NATIONALITY,"","53",Dutchman,"",2019-04-19 04:59:06,1,2019-04-19 04:59:06,1,N
890,NATIONALITY,"","55",East Timorese,"",2019-04-19 04:59:06,1,2019-04-19 04:59:06,1,N
891,NATIONALITY,"","56",Ecuadorean,"",2019-04-19 04:59:06,1,2019-04-19 04:59:06,1,N
892,NATIONALITY,"","57",Egyptian,"",2019-04-19 04:59:06,1,2019-04-19 04:59:06,1,N
893,NATIONALITY,"","58",Emirian,"",2019-04-19 04:59:06,1,2019-04-19 04:59:06,1,N
894,NATIONALITY,"","59",Equatorial Guinean,"",2019-04-19 04:59:06,1,2019-04-19 04:59:06,1,N
895,NATIONALITY,"","60",Eritrean,"",2019-04-19 04:59:06,1,2019-04-19 04:59:06,1,N
896,NATIONALITY,"","61",Estonian,"",2019-04-19 04:59:06,1,2019-04-19 04:59:06,1,N
897,NATIONALITY,"","62",Ethiopian,"",2019-04-19 04:59:06,1,2019-04-19 04:59:06,1,N
898,NATIONALITY,"","63",Fijian,"",2019-04-19 04:59:06,1,2019-04-19 04:59:06,1,N
899,NATIONALITY,"","64",Filipino,"",2019-04-19 04:59:06,1,2019-04-19 04:59:06,1,N
900,NATIONALITY,"","65",Finnish,"",2019-04-19 04:59:06,1,2019-04-19 04:59:06,1,N
901,NATIONALITY,"","66",French,"",2019-04-19 04:59:06,1,2019-04-19 04:59:06,1,N
902,NATIONALITY,"","67",Gabonese,"",2019-04-19 04:59:06,1,2019-04-19 04:59:06,1,N
903,NATIONALITY,"","68",Gambian,"",2019-04-19 04:59:06,1,2019-04-19 04:59:06,1,N
904,NATIONALITY,"","69",Georgian,"",2019-04-19 04:59:06,1,2019-04-19 04:59:06,1,N
905,NATIONALITY,"","70",German,"",2019-04-19 04:59:06,1,2019-04-19 04:59:06,1,N
906,NATIONALITY,"","71",Ghanaian,"",2019-04-19 04:59:06,1,2019-04-19 04:59:06,1,N
907,NATIONALITY,"","72",Greek,"",2019-04-19 04:59:06,1,2019-04-19 04:59:06,1,N
908,NATIONALITY,"","73",Grenadian,"",2019-04-19 04:59:06,1,2019-04-19 04:59:06,1,N
909,NATIONALITY,"","74",Guatemalan,"",2019-04-19 04:59:06,1,2019-04-19 04:59:06,1,N
910,NATIONALITY,"","75",Guinea-Bissauan,"",2019-04-19 04:59:06,1,2019-04-19 04:59:06,1,N
911,NATIONALITY,"","76",Guinean,"",2019-04-19 04:59:06,1,2019-04-19 04:59:06,1,N
912,NATIONALITY,"","77",Guyanese,"",2019-04-19 04:59:06,1,2019-04-19 04:59:06,1,N
913,NATIONALITY,"","78",Haitian,"",2019-04-19 04:59:06,1,2019-04-19 04:59:06,1,N
914,NATIONALITY,"","79",Herzegovinian,"",2019-04-19 04:59:06,1,2019-04-19 04:59:06,1,N
915,NATIONALITY,"","80",Honduran,"",2019-04-19 04:59:06,1,2019-04-19 04:59:06,1,N
916,NATIONALITY,"","81",Hungarian,"",2019-04-19 04:59:06,1,2019-04-19 04:59:06,1,N
917,NATIONALITY,"","82",I-Kiribati,"",2019-04-19 04:59:06,1,2019-04-19 04:59:06,1,N
918,NATIONALITY,"","83",Icelander,"",2019-04-19 04:59:06,1,2019-04-19 04:59:06,1,N
919,NATIONALITY,"","84",Indian,"",2019-04-19 04:59:06,1,2019-04-19 04:59:06,1,N
920,NATIONALITY,"","85",Indonesian,"",2019-04-19 04:59:06,1,2019-04-19 04:59:06,1,N
921,NATIONALITY,"","86",Iranian,"",2019-04-19 04:59:06,1,2019-04-19 04:59:06,1,N
922,NATIONALITY,"","87",Iraqi,"",2019-04-19 04:59:06,1,2019-04-19 04:59:06,1,N
923,NATIONALITY,"","88",Irish,"",2019-04-19 04:59:06,1,2019-04-19 04:59:06,1,N
924,NATIONALITY,"","89",Israeli,"",2019-04-19 04:59:06,1,2019-04-19 04:59:06,1,N
925,NATIONALITY,"","90",Italian,"",2019-04-19 04:59:06,1,2019-04-19 04:59:06,1,N
926,NATIONALITY,"","91",Ivorian,"",2019-04-19 04:59:06,1,2019-04-19 04:59:06,1,N
927,NATIONALITY,"","92",Jamaican,"",2019-04-19 04:59:06,1,2019-04-19 04:59:06,1,N
928,NATIONALITY,"","93",Japanese,"",2019-04-19 04:59:06,1,2019-04-19 04:59:06,1,N
929,NATIONALITY,"","94",Jordanian,"",2019-04-19 04:59:06,1,2019-04-19 04:59:06,1,N
930,NATIONALITY,"","95",Kazakhstani,"",2019-04-19 04:59:06,1,2019-04-19 04:59:06,1,N
931,NATIONALITY,"","96",Kenyan,"",2019-04-19 04:59:06,1,2019-04-19 04:59:06,1,N
932,NATIONALITY,"","97",Kittian and Nevisian,"",2019-04-19 04:59:06,1,2019-04-19 04:59:06,1,N
933,NATIONALITY,"","98",Kuwaiti,"",2019-04-19 04:59:06,1,2019-04-19 04:59:06,1,N
934,NATIONALITY,"","99",Kyrgyz,"",2019-04-19 04:59:06,1,2019-04-19 04:59:06,1,N
935,NATIONALITY,"","100",Laotian,"",2019-04-19 04:59:06,1,2019-04-19 04:59:06,1,N
936,NATIONALITY,"","101",Latvian,"",2019-04-19 04:59:06,1,2019-04-19 04:59:06,1,N
937,NATIONALITY,"","102",Lebanese,"",2019-04-19 04:59:06,1,2019-04-19 04:59:06,1,N
938,NATIONALITY,"","103",Liberian,"",2019-04-19 04:59:06,1,2019-04-19 04:59:06,1,N
939,NATIONALITY,"","104",Libyan,"",2019-04-19 04:59:06,1,2019-04-19 04:59:06,1,N
940,NATIONALITY,"","105",Liechtensteiner,"",2019-04-19 04:59:06,1,2019-04-19 04:59:06,1,N
941,NATIONALITY,"","106",Lithuanian,"",2019-04-19 04:59:06,1,2019-04-19 04:59:06,1,N
942,NATIONALITY,"","107",Luxembourger,"",2019-04-19 04:59:06,1,2019-04-19 04:59:06,1,N
943,NATIONALITY,"","108",Macedonian,"",2019-04-19 04:59:06,1,2019-04-19 04:59:06,1,N
944,NATIONALITY,"","109",Malagasy,"",2019-04-19 04:59:06,1,2019-04-19 04:59:06,1,N
945,NATIONALITY,"","110",Malawian,"",2019-04-19 04:59:06,1,2019-04-19 04:59:06,1,N
946,NATIONALITY,"","111",Malaysian,"",2019-04-19 04:59:06,1,2019-04-19 04:59:06,1,N
947,NATIONALITY,"","112",Maldivan,"",2019-04-19 04:59:06,1,2019-04-19 04:59:06,1,N
948,NATIONALITY,"","113",Malian,"",2019-04-19 04:59:06,1,2019-04-19 04:59:06,1,N
949,NATIONALITY,"","114",Maltese,"",2019-04-19 04:59:06,1,2019-04-19 04:59:06,1,N
950,NATIONALITY,"","115",Marshallese,"",2019-04-19 04:59:06,1,2019-04-19 04:59:06,1,N
951,NATIONALITY,"","116",Mauritanian,"",2019-04-19 04:59:06,1,2019-04-19 04:59:06,1,N
952,NATIONALITY,"","117",Mauritian,"",2019-04-19 04:59:06,1,2019-04-19 04:59:06,1,N
953,NATIONALITY,"","118",Mexican,"",2019-04-19 04:59:06,1,2019-04-19 04:59:06,1,N
954,NATIONALITY,"","119",Micronesian,"",2019-04-19 04:59:06,1,2019-04-19 04:59:06,1,N
955,NATIONALITY,"","120",Moldovan,"",2019-04-19 04:59:06,1,2019-04-19 04:59:06,1,N
956,NATIONALITY,"","121",Monacan,"",2019-04-19 04:59:06,1,2019-04-19 04:59:06,1,N
957,NATIONALITY,"","122",Mongolian,"",2019-04-19 04:59:06,1,2019-04-19 04:59:06,1,N
958,NATIONALITY,"","123",Moroccan,"",2019-04-19 04:59:06,1,2019-04-19 04:59:06,1,N
959,NATIONALITY,"","124",Mosotho,"",2019-04-19 04:59:06,1,2019-04-19 04:59:06,1,N
960,NATIONALITY,"","125",Motswana,"",2019-04-19 04:59:06,1,2019-04-19 04:59:06,1,N
961,NATIONALITY,"","126",Mozambican,"",2019-04-19 04:59:06,1,2019-04-19 04:59:06,1,N
962,NATIONALITY,"","127",Namibian,"",2019-04-19 04:59:06,1,2019-04-19 04:59:06,1,N
963,NATIONALITY,"","128",Nauruan,"",2019-04-19 04:59:06,1,2019-04-19 04:59:06,1,N
964,NATIONALITY,"","129",Nepalese,"",2019-04-19 04:59:06,1,2019-04-19 04:59:06,1,N
965,NATIONALITY,"","130",Netherlander,"",2019-04-19 04:59:06,1,2019-04-19 04:59:06,1,N
966,NATIONALITY,"","131",New Zealander,"",2019-04-19 04:59:06,1,2019-04-19 04:59:06,1,N
967,NATIONALITY,"","132",Ni-Vanuatu,"",2019-04-19 04:59:06,1,2019-04-19 04:59:06,1,N
968,NATIONALITY,"","133",Nicaraguan,"",2019-04-19 04:59:06,1,2019-04-19 04:59:06,1,N
969,NATIONALITY,"","134",Nigerian,"",2019-04-19 04:59:06,1,2019-04-19 04:59:06,1,N
970,NATIONALITY,"","135",Nigerien,"",2019-04-19 04:59:06,1,2019-04-19 04:59:06,1,N
971,NATIONALITY,"","136",North Korean,"",2019-04-19 04:59:06,1,2019-04-19 04:59:06,1,N
972,NATIONALITY,"","137",Northern Irish,"",2019-04-19 04:59:06,1,2019-04-19 04:59:06,1,N
973,NATIONALITY,"","138",Norwegian,"",2019-04-19 04:59:06,1,2019-04-19 04:59:06,1,N
974,NATIONALITY,"","139",Omani,"",2019-04-19 04:59:06,1,2019-04-19 04:59:06,1,N
975,NATIONALITY,"","140",Pakistani,"",2019-04-19 04:59:06,1,2019-04-19 04:59:06,1,N
976,NATIONALITY,"","141",Palauan,"",2019-04-19 04:59:06,1,2019-04-19 04:59:06,1,N
977,NATIONALITY,"","142",Panamanian,"",2019-04-19 04:59:06,1,2019-04-19 04:59:06,1,N
978,NATIONALITY,"","143",Papua New Guinean,"",2019-04-19 04:59:06,1,2019-04-19 04:59:06,1,N
979,NATIONALITY,"","144",Paraguayan,"",2019-04-19 04:59:06,1,2019-04-19 04:59:06,1,N
980,NATIONALITY,"","145",Peruvian,"",2019-04-19 04:59:06,1,2019-04-19 04:59:06,1,N
981,NATIONALITY,"","146",Polish,"",2019-04-19 04:59:06,1,2019-04-19 04:59:06,1,N
982,NATIONALITY,"","147",Portuguese,"",2019-04-19 04:59:06,1,2019-04-19 04:59:06,1,N
983,NATIONALITY,"","148",Qatari,"",2019-04-19 04:59:06,1,2019-04-19 04:59:06,1,N
984,NATIONALITY,"","149",Romanian,"",2019-04-19 04:59:06,1,2019-04-19 04:59:06,1,N
985,NATIONALITY,"","150",Russian,"",2019-04-19 04:59:06,1,2019-04-19 04:59:06,1,N
986,NATIONALITY,"","151",Rwandan,"",2019-04-19 04:59:06,1,2019-04-19 04:59:06,1,N
987,NATIONALITY,"","152",Saint Lucian,"",2019-04-19 04:59:06,1,2019-04-19 04:59:06,1,N
988,NATIONALITY,"","153",Salvadoran,"",2019-04-19 04:59:06,1,2019-04-19 04:59:06,1,N
989,NATIONALITY,"","154",Samoan,"",2019-04-19 04:59:06,1,2019-04-19 04:59:06,1,N
990,NATIONALITY,"","155",San Marinese,"",2019-04-19 04:59:06,1,2019-04-19 04:59:06,1,N
991,NATIONALITY,"","156",Sao Tomean,"",2019-04-19 04:59:06,1,2019-04-19 04:59:06,1,N
992,NATIONALITY,"","157",Saudi,"",2019-04-19 04:59:06,1,2019-04-19 04:59:06,1,N
993,NATIONALITY,"","158",Scottish,"",2019-04-19 04:59:06,1,2019-04-19 04:59:06,1,N
994,NATIONALITY,"","159",Senegalese,"",2019-04-19 04:59:06,1,2019-04-19 04:59:06,1,N
995,NATIONALITY,"","160",Serbian,"",2019-04-19 04:59:06,1,2019-04-19 04:59:06,1,N
996,NATIONALITY,"","161",Seychellois,"",2019-04-19 04:59:06,1,2019-04-19 04:59:06,1,N
997,NATIONALITY,"","162",Sierra Leonean,"",2019-04-19 04:59:06,1,2019-04-19 04:59:06,1,N
998,NATIONALITY,"","163",Singaporean,"",2019-04-19 04:59:06,1,2019-04-19 04:59:06,1,N
999,NATIONALITY,"","164",Slovakian,"",2019-04-19 04:59:06,1,2019-04-19 04:59:06,1,N
1000,NATIONALITY,"","165",Slovenian,"",2019-04-19 04:59:06,1,2019-04-19 04:59:06,1,N
1001,NATIONALITY,"","166",Solomon Islander,"",2019-04-19 04:59:06,1,2019-04-19 04:59:06,1,N
1002,NATIONALITY,"","167",Somali,"",2019-04-19 04:59:06,1,2019-04-19 04:59:06,1,N
1003,NATIONALITY,"","168",South African,"",2019-04-19 04:59:06,1,2019-04-19 04:59:06,1,N
1004,NATIONALITY,"","169",South Korean,"",2019-04-19 04:59:06,1,2019-04-19 04:59:06,1,N
1005,NATIONALITY,"","170",Spanish,"",2019-04-19 04:59:06,1,2019-04-19 04:59:06,1,N
1006,NATIONALITY,"","171",Sri Lankan,"",2019-04-19 04:59:06,1,2019-04-19 04:59:06,1,N
1007,NATIONALITY,"","172",Sudanese,"",2019-04-19 04:59:06,1,2019-04-19 04:59:06,1,N
1008,NATIONALITY,"","173",Surinamer,"",2019-04-19 04:59:06,1,2019-04-19 04:59:06,1,N
1009,NATIONALITY,"","174",Swazi,"",2019-04-19 04:59:06,1,2019-04-19 04:59:06,1,N
1010,NATIONALITY,"","175",Swedish,"",2019-04-19 04:59:06,1,2019-04-19 04:59:06,1,N
1011,NATIONALITY,"","176",Swiss,"",2019-04-19 04:59:06,1,2019-04-19 04:59:06,1,N
1012,NATIONALITY,"","177",Syrian,"",2019-04-19 04:59:06,1,2019-04-19 04:59:06,1,N
1013,NATIONALITY,"","178",Taiwanese,"",2019-04-19 04:59:06,1,2019-04-19 04:59:06,1,N
1014,NATIONALITY,"","179",Tajik,"",2019-04-19 04:59:06,1,2019-04-19 04:59:06,1,N
1015,NATIONALITY,"","180",Tanzanian,"",2019-04-19 04:59:06,1,2019-04-19 04:59:06,1,N
1016,NATIONALITY,"","181",Thai,"",2019-04-19 04:59:06,1,2019-04-19 04:59:06,1,N
1017,NATIONALITY,"","182",Togolese,"",2019-04-19 04:59:06,1,2019-04-19 04:59:06,1,N
1018,NATIONALITY,"","183",Tongan,"",2019-04-19 04:59:06,1,2019-04-19 04:59:06,1,N
1019,NATIONALITY,"","184",Trinidadian or Tobagonian,"",2019-04-19 04:59:06,1,2019-04-19 04:59:06,1,N
1020,NATIONALITY,"","185",Tunisian,"",2019-04-19 04:59:06,1,2019-04-19 04:59:06,1,N
1021,NATIONALITY,"","186",Turkish,"",2019-04-19 04:59:06,1,2019-04-19 04:59:06,1,N
1022,NATIONALITY,"","187",Tuvaluan,"",2019-04-19 04:59:06,1,2019-04-19 04:59:06,1,N
1023,NATIONALITY,"","188",Ugandan,"",2019-04-19 04:59:06,1,2019-04-19 04:59:06,1,N
1024,NATIONALITY,"","189",Ukrainian,"",2019-04-19 04:59:06,1,2019-04-19 04:59:06,1,N
1025,NATIONALITY,"","190",Uruguayan,"",2019-04-19 04:59:06,1,2019-04-19 04:59:06,1,N
1026,NATIONALITY,"","191",Uzbekistani,"",2019-04-19 04:59:06,1,2019-04-19 04:59:06,1,N
1027,NATIONALITY,"","192",Venezuelan,"",2019-04-19 04:59:06,1,2019-04-19 04:59:06,1,N
1028,NATIONALITY,"","193",Vietnamese,"",2019-04-19 04:59:06,1,2019-04-19 04:59:06,1,N
1029,NATIONALITY,"","194",Welsh,"",2019-04-19 04:59:06,1,2019-04-19 04:59:06,1,N
1030,NATIONALITY,"","195",Yemenite,"",2019-04-19 04:59:06,1,2019-04-19 04:59:06,1,N
1031,NATIONALITY,"","196",Zambian,"",2019-04-19 04:59:06,1,2019-04-19 04:59:06,1,N
1032,NATIONALITY,"","197",Zimbabwean,"",2019-04-19 04:59:06,1,2019-04-19 04:59:06,1,N
1033,SERVICE_USER_TYPE,"","1",Private,"",2019-04-19 04:59:06,1,2019-04-19 04:59:06,1,N
1034,SERVICE_USER_TYPE,"","2",Public,"",2019-04-19 04:59:06,1,2019-04-19 04:59:06,1,N
1035,FUNDING_TYPE,"","1",Local Authority,"",2019-05-13 14:00:00,1,2019-05-13 14:00:00,1,N
1036,FUNDING_TYPE,"","2",Self Funded,"",2019-05-13 14:00:00,1,2019-05-13 14:00:00,1,N
1037,FUNDING_TYPE,"","3",Mixed,"",2019-05-13 14:00:00,1,2019-05-13 14:00:00,1,N
1038,CARE_STATUS,"","1",Active,"",2019-05-13 14:00:00,1,2019-05-13 14:00:00,1,N
1039,CARE_STATUS,"","2",Awaiting Renewal,"",2019-05-13 14:00:00,1,2019-05-13 14:00:00,1,N
1040,CARE_STATUS,"","3",Terminated,"",2019-05-13 14:00:00,1,2019-05-13 14:00:00,1,N
1041,CLIENT_TYPE,"","1",Bed Bound,"",2019-05-13 14:00:00,1,2019-05-13 14:00:00,1,N
1042,CLIENT_TYPE,"","2",Learning Difficulties,"",2019-05-13 14:00:00,1,2019-05-13 14:00:00,1,N
1043,CLIENT_TYPE,"","3",Older People,"",2019-05-13 14:00:00,1,2019-05-13 14:00:00,1,N
1044,CLIENT_TYPE,"","4",Physical Difficulty,"",2019-05-13 14:00:00,1,2019-05-13 14:00:00,1,N
1045,CLIENT_TYPE,"","5",Mental Health,"",2019-05-13 14:00:00,1,2019-05-13 14:00:00,1,N
1046,MOBILITY_PROFILE,"","1",Mobile,"",2019-05-13 14:00:00,1,2019-05-13 14:00:00,1,N
1047,MOBILITY_PROFILE,"","2",Needs Assistance,"",2019-05-13 14:00:00,1,2019-05-13 14:00:00,1,N
1048,MOBILITY_PROFILE,"","3",Uses Walking Frame,"",2019-05-13 14:00:00,1,2019-05-13 14:00:00,1,N
1049,MOBILITY_EQUIPMENT,"","1",Mobile Hoist,"",2019-05-13 14:00:00,1,2019-05-13 14:00:00,1,N
1050,MOBILITY_EQUIPMENT,"","2",Walking Frame,"",2019-05-13 14:00:00,1,2019-05-13 14:00:00,1,N
1051,MOBILITY_EQUIPMENT,"","3",Wheelchair,"",2019-05-13 14:00:00,1,2019-05-13 14:00:00,1,N
1052,SERVICE_USER_STATUS,"","1",Active,"",2019-05-14 14:00:00,1,2019-05-14 14:00:00,1,N
1053,SERVICE_USER_STATUS,"","2",Suspended,"",2019-05-14 14:00:00,1,2019-05-14 14:00:00,1,N
1054,SERVICE_USER_STATUS,"","3",Contract Ended,"",2019-05-14 14:00:00,1,2019-05-14 14:00:00,1,N
1055,INCIDENT_STATUS,"","1",Pending,"",2019-05-14 14:00:00,1,2019-05-14 14:00:00,1,N
1056,INCIDENT_STATUS,"","2",Ignored,"",2019-05-14 14:00:00,1,2019-05-14 14:00:00,1,N
1057,INCIDENT_STATUS,"","3",Addressed,"",2019-05-14 14:00:00,1,2019-05-14 14:00:00,1,N
1058,SERVICE_USER_STATUS,"","4",Pending,"",2019-05-14 14:00:00,1,2019-05-14 14:00:00,1,N
1059,CW_STATUS,"","9",On Leave,"",2019-03-01 16:00:00,1,2019-03-01 16:00:00,1,N
1060,CW_STATUS,"","10",On Training,"",2019-03-01 16:00:00,1,2019-03-01 16:00:00,1,N
1061,AVAILABILITY_STATUS,"","6",Withdrawn,"",2019-03-01 16:00:00,1,2019-03-01 16:00:00,1,N
1062,LEAVE_STATUS,"","4",Withdrawn,"",2018-12-10 16:00:00,1,2018-12-10 16:00:00,1,N
1063,BOOKING_STATUS,"","6",Reschedule Request,"",2019-03-11 16:00:00,1,2019-03-11 16:00:00,1,N
1064,BOOKING_STATUS,"","7",Cancel Request,"",2019-03-11 16:00:00,1,2019-03-11 16:00:00,1,N
1065,BOOKING_ALLOCATION_RESULT,"","5",Temporarily Allocated,"",2019-03-11 16:00:00,1,2019-03-11 16:00:00,1,N
1066,ENGINE_RUN_STATUS,"","1",Approved,"",2019-03-11 16:00:00,1,2019-03-11 16:00:00,1,N
1067,ENGINE_RUN_STATUS,"","2",Cancelled,"",2019-03-11 16:00:00,1,2019-03-11 16:00:00,1,N
1068,ENGINE_RUN_STATUS,"","3",Generating,"",2019-03-11 16:00:00,1,2019-03-11 16:00:00,1,N
1069,ENGINE_RUN_STATUS,"","4",Pending,"",2019-03-11 16:00:00,1,2019-03-11 16:00:00,1,N
1070,ENGINE_RUN_STATUS,"","5",Running,"",2019-03-11 16:00:00,1,2019-03-11 16:00:00,1,N
1071,ALLOCATION_PRESET,"","1",Care Worker Centric,"",2019-03-11 16:00:00,1,2019-03-11 16:00:00,1,N
1072,ALLOCATION_PRESET,"","2",Service User Centric,"",2019-03-11 16:00:00,1,2019-03-11 16:00:00,1,N
1073,ALLOCATION_PRESET,"","3",Management Centric,"",2019-03-11 16:00:00,1,2019-03-11 16:00:00,1,N
1074,ENGINE_RUN_TYPE,"","1",Full,"",2019-03-11 16:00:00,1,2019-03-11 16:00:00,1,N
1075,ENGINE_RUN_TYPE,"","2",Partial,"",2019-03-11 16:00:00,1,2019-03-11 16:00:00,1,N
1076,ENGINE_RUN_TYPE,"","3",Complete,"",2019-03-11 16:00:00,1,2019-03-11 16:00:00,1,N
1077,AVAILABILITY_STATUS,"","7",Awaiting HR Approval,"",2019-07-17 14:00:00,1,2019-07-17 14:00:00,1,N
1078,LEAVE_STATUS,"","5",Recommended to HR,"",2019-07-17 14:00:00,1,2019-07-17 14:00:00,1,N
1083,MOBILITY_EQUIPMENT,"","4",Walking Stick,"",2019-05-13 14:00:00,1,2019-05-13 14:00:00,1,N
1084,ALLOCATION_PRESET,"","4",Balanced,"",2019-03-11 16:00:00,1,2019-03-11 16:00:00,1,N
1085,CW_STATUS,"","11",Recruited,"",2019-03-01 16:00:00,1,2019-03-01 16:00:00,1,N
1086,UNALLOCATED_COMMENT,"","1",SU_EXCEPTION,"",2019-03-01 16:00:00,1,2019-03-01 16:00:00,1,N
1087,UNALLOCATED_COMMENT,"","2",BOOKING_EXCEPTION,"",2019-03-01 16:00:00,1,2019-03-01 16:00:00,1,N
1088,UNALLOCATED_COMMENT,"","3",HARD_CONSTRAINT_VIOLATION,"",2019-03-01 16:00:00,1,2019-03-01 16:00:00,1,N
1089,UNALLOCATED_COMMENT,"","4",TRAVEL_TIME_EXCEED,"",2019-03-01 16:00:00,1,2019-03-01 16:00:00,1,N
1090,UNALLOCATED_COMMENT,"","5",UTIL_RATE_EXCEEDS,"",2019-03-01 16:00:00,1,2019-03-01 16:00:00,1,N
1091,UNALLOCATED_COMMENT,"","6",UNKNOWN,"",2019-03-01 16:00:00,1,2019-03-01 16:00:00,1,N
1092,BANK_ACCOUNT_TYPES,"","1",Current,"",2019-03-01 16:00:00,1,2019-03-01 16:00:00,1,N
1093,BANK_ACCOUNT_TYPES,"","2",Savings,"",2019-03-01 16:00:00,1,2019-03-01 16:00:00,1,N
1094,ETHNICITY,"","32",Other,"",2018-10-06 07:20:36,1,2018-10-06 07:20:36,1,N
1095,RELIGION,"","15",Other,"",2018-10-06 07:20:37,1,2018-10-06 07:20:37,1,N
1096,PAY_FREQUENCY,"","1",Monthly,"",2019-10-19 01:19:55,1,2019-10-19 01:19:55,1,N
740,BOOKING_CHANGE_REQUEST_TYPE,"","2",Change,"",2019-03-11 16:00:00,1,2019-03-11 16:00:00,1,N
1103,SCHEDULE_CHANGE_REQUEST_TYPE,"","1",Add,"",2019-03-11 16:00:00,1,2019-03-11 16:00:00,1,N
1102,SCHEDULE_CHANGE_REQUEST_TYPE,"","2",Cancel,"",2019-03-11 16:00:00,1,2019-03-11 16:00:00,1,N
1104,BOOKING_CHANGE_REQUEST_TYPE,"","1",Add,"",2019-03-11 16:00:00,1,2019-03-11 16:00:00,1,N
1101,SCHEDULE_CHANGE_REQUEST_TYPE,"","3",Change,"",2019-03-11 16:00:00,1,2019-03-11 16:00:00,1,N
10,BOOKING_TYPE,"","1",Social Activities,"",2018-10-06 07:20:31,1,2019-11-25 16:00:00,1,N
11,BOOKING_TYPE,"","2",Respite Care,"",2018-10-06 07:20:31,1,2019-11-25 16:00:00,1,N
12,BOOKING_TYPE,"","3",Overnight Care,"",2018-10-06 07:20:32,1,2019-11-25 16:00:00,1,N
13,BOOKING_TYPE,"","4",Live-in Care,"",2018-10-06 07:20:32,1,2019-11-25 16:00:00,1,N
14,BOOKING_TYPE,"","5",Sitting-in Care,"",2018-10-06 07:20:32,1,2019-11-25 16:00:00,1,N
15,BOOKING_TYPE,"","6",Domestic Care,"",2018-10-06 07:20:32,1,2019-11-25 16:00:00,1,N
16,BOOKING_TYPE,"","7",Personal Care,"",2018-10-06 07:20:32,1,2019-11-25 16:00:00,1,N
1105,FUNDING_SUB_TYPE,"","1",Personal,"",2019-11-25 16:00:00,1,2019-11-25 16:00:00,1,N
1106,FUNDING_SUB_TYPE,"","2",Direct,"",2019-11-25 16:00:00,1,2019-11-25 16:00:00,1,N
1107,FUNDING_SUB_TYPE,"","3",Reablement,"",2019-11-25 16:00:00,1,2019-11-25 16:00:00,1,N
1108,FUNDING_SUB_TYPE,"","4",Block,"",2019-11-25 16:00:00,1,2019-11-25 16:00:00,1,N
1109,FUNDING_SUB_TYPE,"","5",Complex,"",2019-11-25 16:00:00,1,2019-11-25 16:00:00,1,N
1110,FUNDING_SUB_TYPE,"","6",Mental Health,"",2019-11-25 16:00:00,1,2019-11-25 16:00:00,1,N
1097,PAY_FREQUENCY,"","2",Hourly,"",2019-10-19 01:19:55,1,2019-12-10 16:07:46,1,N
1098,CHANGED_HR_STATUS,"","1",Pending,"",2019-10-19 01:19:55,1,2019-10-19 01:19:55,1,N
1099,CHANGED_HR_STATUS,"","2",Rejected,"",2019-10-19 01:19:55,1,2019-10-19 01:19:55,1,N
1100,CHANGED_HR_STATUS,"","3",Approved,"",2019-10-19 01:19:55,1,2019-10-19 01:19:55,1,N
583,TRAINING_TYPE,"","1",Mandatory/ Induction Training,"",2018-10-06 07:21:02,1,2019-12-02 16:00:00,1,N
584,TRAINING_TYPE,"","2",Refresher Training for Induction Training,"",2018-10-06 07:21:02,1,2019-12-02 16:00:00,1,N
585,TRAINING_TYPE,"","3",Care Certificate Training,"",2018-10-06 07:21:02,1,2019-12-02 16:00:00,1,N
586,TRAINING_TYPE,"","4",Learning disability awareness courses,"",2018-10-06 07:21:02,1,2019-12-02 16:00:00,1,N
587,TRAINING_TYPE,"","5",Autism introduction courses,"",2018-10-06 07:21:02,1,2019-12-02 16:00:00,1,N
588,TRAINING_TYPE,"","6",Epilepsy awareness courses,"",2018-10-06 07:21:02,1,2019-12-02 16:00:00,1,N
589,TRAINING_TYPE,"","7",Disability awareness training,"",2018-10-06 07:21:02,1,2019-12-02 16:00:00,1,N
590,TRAINING_TYPE,"","8",Multiple Sclerosis training,"",2018-10-06 07:21:02,1,2019-12-02 16:00:00,1,N
591,TRAINING_TYPE,"","9",Aspergers awareness course,"",2018-10-06 07:21:02,1,2019-12-02 16:00:00,1,N
592,TRAINING_TYPE,"","10",Arthritis care courses,"",2018-10-06 07:21:02,1,2019-12-02 16:00:00,1,N
1080,SUSPEND_STATUS,"","2",HR Approved,"",2019-07-18 14:00:00,1,2019-07-18 14:00:00,1,N
1081,SUSPEND_STATUS,"","3",Pending,"",2019-07-18 14:00:00,1,2019-07-18 14:00:00,1,N
1082,SUSPEND_STATUS,"","4",Rejected,"",2019-07-18 14:00:00,1,2019-07-18 14:00:00,1,N
1111,EMPLOYMENT_CONTRACT_TYPE,"","3",Dormant,"",2019-11-28 16:00:00,1,2019-11-28 16:00:00,1,N
593,TRAINING_TYPE,"","11",Tourette syndrome assistance courses,"",2018-10-06 07:21:02,1,2019-12-02 16:00:00,1,N
594,TRAINING_TYPE,"","12",Visual and hearing impairment training,"",2018-10-06 07:21:02,1,2019-12-02 16:00:00,1,N
595,TRAINING_TYPE,"","13",Supporting Children with Disabilities courses,"",2018-10-06 07:21:02,1,2019-12-02 16:00:00,1,N
596,TRAINING_TYPE,"","14",Dementia awareness training,"",2018-10-06 07:21:02,1,2019-12-02 16:00:00,1,N
597,TRAINING_TYPE,"","15",Understanding the Mental Health Act,"",2018-10-06 07:21:02,1,2019-12-02 16:00:00,1,N
598,TRAINING_TYPE,"","16",Supporting people with Dementia,"",2018-10-06 07:21:02,1,2019-12-02 16:00:00,1,N
599,TRAINING_TYPE,"","17",Bipolar Awareness,"",2018-10-06 07:21:02,1,2019-12-02 16:00:00,1,N
600,TRAINING_TYPE,"","18",Schizophrenia awareness,"",2018-10-06 07:21:02,1,2019-12-02 16:00:00,1,N
601,TRAINING_TYPE,"","19",OCD awareness,"",2018-10-06 07:21:02,1,2019-12-02 16:00:00,1,N
602,TRAINING_TYPE,"","20",Self-Harm training,"",2018-10-06 07:21:03,1,2019-12-02 16:00:00,1,N
603,TRAINING_TYPE,"","21",Borderline Personality Disorder,"",2018-10-06 07:21:03,1,2019-12-02 16:00:00,1,N
604,TRAINING_TYPE,"","22",Understanding eating Disorders,"",2018-10-06 07:21:03,1,2019-12-02 16:00:00,1,N
605,TRAINING_TYPE,"","23",Palliative and end-of-life care,"",2018-10-06 07:21:03,1,2019-12-02 16:00:00,1,N
606,TRAINING_TYPE,"","24",Pressure ulcer prevention,"",2018-10-06 07:21:03,1,2019-12-02 16:00:00,1,N
607,TRAINING_TYPE,"","25",Catheter Training,"",2018-10-06 07:21:03,1,2019-12-02 16:00:00,1,N
608,TRAINING_TYPE,"","26",Diabetes awareness and training,"",2018-10-06 07:21:03,1,2019-12-02 16:00:00,1,N
609,TRAINING_TYPE,"","27",Stroke Care,"",2018-10-06 07:21:03,1,2019-12-02 16:00:00,1,N
610,TRAINING_TYPE,"","28",NVQ Level 1,"",2018-10-06 07:21:03,1,2019-12-02 16:00:00,1,N
611,TRAINING_TYPE,"","29",NVQ Level 2,"",2018-10-06 07:21:03,1,2019-12-02 16:00:00,1,N
612,TRAINING_TYPE,"","30",NVQ Level 3,"",2018-10-06 07:21:03,1,2019-12-02 16:00:00,1,N
613,TRAINING_TYPE,"","31",NVQ Level 4,"",2018-10-06 07:21:03,1,2019-12-02 16:00:00,1,N
614,TRAINING_TYPE,"","32",NVQ Level 5,"",2018-10-06 07:21:03,1,2019-12-02 16:00:00,1,N
615,TRAINING_TYPE,"","33",QCF(Qualification and Credit Framework,"",2018-10-06 07:21:03,1,2019-12-02 16:00:00,1,N
616,TRAINING_TYPE,"","34",Training in Principles of Person Centred Care,"",2018-10-06 07:21:03,1,2019-12-02 16:00:00,1,N
617,TRAINING_TYPE,"","35",Training in Role of a Home Carer,"",2018-10-06 07:21:03,1,2019-12-02 16:00:00,1,N
618,TRAINING_TYPE,"","36",Training in Needs of the Service User,"",2018-10-06 07:21:03,1,2019-12-02 16:00:00,1,N
619,TRAINING_TYPE,"","37",Training in Develop as a Care Worker,"",2018-10-06 07:21:03,1,2019-12-02 16:00:00,1,N
620,TRAINING_TYPE,"","38",Training in Raising Concerns and Whistle Blowing,"",2018-10-06 07:21:04,1,2019-12-02 16:00:00,1,N
621,TRAINING_TYPE,"","39",Training in Managing Challenging Behavior,"",2018-10-06 07:21:04,1,2019-12-02 16:00:00,1,N
622,TRAINING_TYPE,"","40",Training in Moving and Handling,"",2018-10-06 07:21:04,1,2019-12-02 16:00:00,1,N
623,TRAINING_TYPE,"","41",Training in Emergency First Aid,"",2018-10-06 07:21:04,1,2019-12-02 16:00:00,1,N
624,TRAINING_TYPE,"","42",Training in Health and Safety,"",2018-10-06 07:21:04,1,2019-12-02 16:00:00,1,N
625,TRAINING_TYPE,"","43",Training in Food Hygiene,"",2018-10-06 07:21:04,1,2019-12-02 16:00:00,1,N
626,TRAINING_TYPE,"","44",Training in Medication,"",2018-10-06 07:21:04,1,2019-12-02 16:00:00,1,N
627,TRAINING_TYPE,"","45",Training in Safeguarding Vulnerable Adults,"",2018-10-06 07:21:04,1,2019-12-02 16:00:00,1,N
628,TRAINING_TYPE,"","46",Training in Infection Control Hygiene,"",2018-10-06 07:21:04,1,2019-12-02 16:00:00,1,N
629,TRAINING_TYPE,"","47",Training in Effective Communication,"",2018-10-06 07:21:04,1,2019-12-02 16:00:00,1,N
630,TRAINING_TYPE,"","48","Training in Equality, Diversity and Inclusion","",2018-10-06 07:21:04,1,2019-12-02 16:00:00,1,N
631,TRAINING_TYPE,"","49",Training in Understanding Dementia,"",2018-10-06 07:21:04,1,2019-12-02 16:00:00,1,N
632,TRAINING_TYPE,"","50",Training in Health and Social Care Qualification,"",2018-10-06 07:21:04,1,2019-12-02 16:00:00,1,N
1112,DOSAGE_UNIT,"","1",ml,"",2019-12-05 16:00:00,1,2019-12-05 16:00:00,1,N
1113,DOSAGE_UNIT,"","2",unit,"",2019-12-05 16:00:00,1,2019-12-05 16:00:00,1,N
1114,DOSAGE_UNIT,"","3",tbsp,"",2019-12-05 16:00:00,1,2019-12-05 16:00:00,1,N
1115,DOSAGE_UNIT,"","4",mg,"",2019-12-05 16:00:00,1,2019-12-05 16:00:00,1,N
1116,DOSAGE_UNIT,"","5",tablet/capsule,"",2019-12-18 20:57:11,1,2019-12-18 20:57:11,1,N
1117,CONSUMABLE_TYPE,"","1",Gloves,"",2019-12-18 20:58:42,1,2019-12-18 20:58:42,1,N
1118,CONSUMABLE_TYPE,"","2",Arm Covers,"",2019-12-18 20:58:42,1,2019-12-18 20:58:42,1,N
1119,CONSUMABLE_TYPE,"","3",Aprons,"",2019-12-18 20:58:42,1,2019-12-18 20:58:42,1,N
1120,CONSUMABLE_TYPE,"","4",Shoe Covers,"",2019-12-18 20:58:42,1,2019-12-18 20:58:42,1,N
1121,CONSUMABLE_TYPE,"","5",Hand Sanitizers,"",2019-12-18 20:58:42,1,2019-12-18 20:58:42,1,N
1122,BIWEEKLY,"","1",Every Week,"",2019-12-18 20:58:42,1,2019-12-18 20:58:42,1,N
1123,BIWEEKLY,"","2",Odd Week,"",2019-12-18 20:58:42,1,2019-12-18 20:58:42,1,N
1124,BIWEEKLY,"","3",Even Week,"",2019-12-18 20:58:42,1,2019-12-18 20:58:42,1,N
1125,OTP_PURPOSE,"","1",Change Password,"",2020-02-24 18:20:25,0,2020-02-24 18:20:25,0,N
1126,OTP_PURPOSE,"","2",Forgot Password,"",2020-02-24 18:21:15,0,2020-02-24 18:21:15,0,N
1127,EMPLOYMENT_STATUS,"","4",Revised,"",2020-03-11 12:50:06,1,2020-03-11 12:50:06,1,N
1128,REMINDER_STATUS,"","1",Forwarded,"",2020-03-17 13:19:14,1,2020-03-17 13:19:14,1,N
1129,REMINDER_STATUS,"","2",Pending,"",2020-03-17 13:19:14,1,2020-03-17 13:19:14,1,N
1130,REMINDER_STATUS,"","3",Resolved,"",2020-03-17 13:19:14,1,2020-03-17 13:19:14,1,N
1131,BOOKING_STATUS,"","8",Missed,"",2020-03-17 16:44:29,1,2020-03-17 16:44:29,1,N
1132,TERMINATION_REQUEST_STATUS,"","1",Approved,"",2020-03-20 11:05:45,1,2020-03-20 11:05:45,1,N
1133,TERMINATION_REQUEST_STATUS,"","2",Pending,"",2020-03-20 11:05:45,1,2020-03-20 11:05:45,1,N
1134,TERMINATION_REQUEST_STATUS,"","3",Rejected,"",2020-03-20 11:05:45,1,2020-03-20 11:05:45,1,N
1135,TERMINATION_REQUEST_STATUS,"","4",HR Approved,"",2020-03-20 11:05:45,1,2020-03-20 11:05:45,1,N
1136,STAFF_STATUS,"","1",Active,"",2019-02-19 16:00:00,1,2019-02-19 16:00:00,1,N
1137,STAFF_STATUS,"","2",Suspended,"",2019-02-19 16:00:00,1,2019-02-19 16:00:00,1,N
1138,STAFF_STATUS,"","3",Contract Expired,"",2019-02-19 16:00:00,1,2019-02-19 16:00:00,1,N
1139,STAFF_STATUS,"","4",Terminated,"",2019-02-19 16:00:00,1,2019-02-19 16:00:00,1,N
1140,STAFF_STATUS,"","5",Pending Interview,"",2019-03-01 16:00:00,1,2019-03-01 16:00:00,1,N
1141,STAFF_STATUS,"","6",Interview Scheduled,"",2019-03-01 16:00:00,1,2019-03-01 16:00:00,1,N
1142,STAFF_STATUS,"","7",Rejected,"",2019-03-01 16:00:00,1,2019-03-01 16:00:00,1,N
1143,STAFF_STATUS,"","8",Shortlisted,"",2019-03-01 16:00:00,1,2019-03-01 16:00:00,1,N
1144,STAFF_STATUS,"","9",On Leave,"",2019-03-01 16:00:00,1,2019-03-01 16:00:00,1,N
1145,STAFF_STATUS,"","10",On Training,"",2019-03-01 16:00:00,1,2019-03-01 16:00:00,1,N
1146,STAFF_STATUS,"","11",Recruited,"",2019-03-01 16:00:00,1,2019-03-01 16:00:00,1,N
1147,EMPLOYMENT_CONTRACT_TYPE,"","4",Fixed,"",2019-11-28 16:00:00,1,2019-11-28 16:00:00,1,N
728,EMPLOYMENT_CONTRACT_TYPE,"","1",Flexible,"",2019-03-04 16:00:00,1,2019-03-04 16:00:00,1,N
1148,BOOKING_STATUS,"","10",Missed Rescheduled,"",2020-03-17 16:44:29,1,2020-03-17 16:44:29,1,N
328,TRANSPORT_TYPE,"","1",Bicycling,"",2018-10-06 07:20:48,1,2018-10-06 07:20:48,1,N
1149,SCR_EVENT_TYPE,"","1",Booking Adjustment,"",2019-03-01 16:00:00,1,2019-03-01 16:00:00,1,N
820,ALLOCATION_TYPE,"","2",Engine,"",2019-03-14 16:00:00,1,2019-03-14 16:00:00,1,N
1152,SCR_EVENT_TYPE,"","4",Service User Request,"",2019-11-28 16:00:00,1,2019-11-28 16:00:00,1,N
1150,SCR_EVENT_TYPE,"","2",Missed Booking,"",2019-11-28 16:00:00,1,2019-11-28 16:00:00,1,N
1151,SCR_EVENT_TYPE,"","3",Care Plan,"",2020-03-17 16:44:29,1,2020-03-17 16:44:29,1,N
1154,SCR_EVENT_TYPE,"","6",Booking Change Request Reverse,"",2020-03-17 16:44:29,1,2020-03-17 16:44:29,1,N
1153,SCR_EVENT_TYPE,"","5",Booking Add Request Reverse,"",2020-03-17 16:44:29,1,2020-03-17 16:44:29,1,N
655,PREFERENCE_TYPE,"","1",Excluded Booking Type,",c,1",2018-10-06 07:21:05,1,2018-10-06 07:21:05,1,N
803,PREFERENCE_TYPE,"","8",Preferred Booking Type,",c,1",2018-10-06 07:21:05,1,2018-10-06 07:21:05,1,N
746,BOOKING_ALLOCATION_RESULT,"","2",Unresolved,"",2019-03-11 16:00:00,1,2019-03-11 16:00:00,1,N
1156,ENGINE_RUN_STATUS,"","6",License Violated,"",2019-03-11 16:00:00,1,2019-03-11 16:00:00,1,N
1157,LEAVE_STATUS,"","6",Expired,"",2019-07-17 14:00:00,1,2019-07-17 14:00:00,1,N
1158,AVAILABILITY_STATUS,"","8",Expired,"",2019-07-17 14:00:00,1,2019-07-17 14:00:00,1,N
1159,SUSPEND_STATUS,"","5",Expired,"",2019-07-18 14:00:00,1,2019-07-18 14:00:00,1,N
1160,TERMINATION_REQUEST_STATUS,"","5",Expired,"",2020-03-20 11:05:45,1,2020-03-20 11:05:45,1,N
1161,TRAINING_STATUS,"","10",Cancelled,"",2019-03-05 16:00:00,1,2019-03-05 16:00:00,1,N
1162,REPORT_TYPE,"","1",CW Report,"",2018-10-06 07:20:36,0,2018-10-06 07:20:36,0,N
1165,UNALLOCATED_COMMENT,"","7",SKILL MISMATCH,"",2019-03-01 16:00:00,1,2019-03-01 16:00:00,1,N
1166,REPORT_TYPE,"","4",Export History Report,"",2018-10-06 07:20:36,1,2018-10-06 07:20:36,1,N
1167,REPORT_TYPE,"","5",Notification Report,"",2018-10-06 07:20:36,1,2018-10-06 07:20:36,1,N
1163,REPORT_TYPE,"","2",SU Report,"",2018-10-06 07:20:36,0,2018-10-06 07:20:36,0,N
1164,REPORT_TYPE,"","3",Booking Report,"",2018-10-06 07:20:36,0,2018-10-06 07:20:36,0,N
1169,REPORT_TYPE,"","6",Engine Run Report,"",2018-10-06 07:20:36,1,2018-10-06 07:20:36,1,N
1079,SUSPEND_STATUS,"","1",Approved,"",2019-07-18 14:00:00,1,2019-07-18 14:00:00,1,N
